viento_10m,viento_80m,viento_120m,direccion_80m,rafagas_10m,temperatura,presion,fecha_hora
,,,,,,,2026-07-08 00:00:00
,,,,,,,2026-07-08 01:00:00
,,,,,,,2026-07-08 02:00:00
,,,,,,,2026-07-08 03:00:00
,,,,,,,2026-07-08 04:00:00
,,,,,,,2026-07-08 05:00:00
,,,,,,,2026-07-08 06:00:00
,,,,,,,2026-07-08 07:00:00
,,,,,,,2026-07-08 08:00:00
,,,,,,,2026-07-08 09:00:00
,,,,,,,2026-07-08 10:00:00
,,,,,,,2026-07-08 11:00:00
,,,,,,,2026-07-08 12:00:00
,,,,,,,2026-07-08 13:00:00
,,,,,,,2026-07-08 14:00:00
,,,,,,,2026-07-08 15:00:00
,,,,,,,2026-07-08 16:00:00
,,,,,,,2026-07-08 17:00:00
,,,,,,,2026-07-08 18:00:00
,,,,,,,2026-07-08 19:00:00
,,,,,,,2026-07-08 20:00:00
,,,,,,,2026-07-08 21:00:00
,,,,,,,2026-07-08 22:00:00
,,,,,,,2026-07-08 23:00:00
,,,,,,,2026-07-09 00:00:00
,,,,,,,2026-07-09 01:00:00
,,,,,,,2026-07-09 02:00:00
,,,,,,,2026-07-09 03:00:00
,,,,,,,2026-07-09 04:00:00
,,,,,,,2026-07-09 05:00:00
,,,,,,,2026-07-09 06:00:00
,,,,,,,2026-07-09 07:00:00
,,,,,,,2026-07-09 08:00:00
,,,,,,,2026-07-09 09:00:00
,,,,,,,2026-07-09 10:00:00
,,,,,,,2026-07-09 11:00:00
,,,,,,,2026-07-09 12:00:00
,,,,,,,2026-07-09 13:00:00
,,,,,,,2026-07-09 14:00:00
,,,,,,,2026-07-09 15:00:00
,,,,,,,2026-07-09 16:00:00
,,,,,,,2026-07-09 17:00:00
,,,,,,,2026-07-09 18:00:00
,,,,,,,2026-07-09 19:00:00
,,,,,,,2026-07-09 20:00:00
,,,,,,,2026-07-09 21:00:00
,,,,,,,2026-07-09 22:00:00
,,,,,,,2026-07-09 23:00:00
,,,,,,,2026-07-10 00:00:00
,,,,,,,2026-07-10 01:00:00
,,,,,,,2026-07-10 02:00:00
,,,,,,,2026-07-10 03:00:00
,,,,,,,2026-07-10 04:00:00
,,,,,,,2026-07-10 05:00:00
,,,,,,,2026-07-10 06:00:00
,,,,,,,2026-07-10 07:00:00
,,,,,,,2026-07-10 08:00:00
,,,,,,,2026-07-10 09:00:00
,,,,,,,2026-07-10 10:00:00
,,,,,,,2026-07-10 11:00:00
,,,,,,,2026-07-10 12:00:00
,,,,,,,2026-07-10 13:00:00
,,,,,,,2026-07-10 14:00:00
,,,,,,,2026-07-10 15:00:00
,,,,,,,2026-07-10 16:00:00
,,,,,,,2026-07-10 17:00:00
,,,,,,,2026-07-10 18:00:00
,,,,,,,2026-07-10 19:00:00
,,,,,,,2026-07-10 20:00:00
,,,,,,,2026-07-10 21:00:00
,,,,,,,2026-07-10 22:00:00
,,,,,,,2026-07-10 23:00:00
,,,,,,,2026-07-11 00:00:00
,,,,,,,2026-07-11 01:00:00
,,,,,,,2026-07-11 02:00:00
,,,,,,,2026-07-11 03:00:00
,,,,,,,2026-07-11 04:00:00
,,,,,,,2026-07-11 05:00:00
,,,,,,,2026-07-11 06:00:00
,,,,,,,2026-07-11 07:00:00
,,,,,,,2026-07-11 08:00:00
,,,,,,,2026-07-11 09:00:00
,,,,,,,2026-07-11 10:00:00
,,,,,,,2026-07-11 11:00:00
,,,,,,,2026-07-11 12:00:00
,,,,,,,2026-07-11 13:00:00
,,,,,,,2026-07-11 14:00:00
,,,,,,,2026-07-11 15:00:00
,,,,,,,2026-07-11 16:00:00
,,,,,,,2026-07-11 17:00:00
,,,,,,,2026-07-11 18:00:00
,,,,,,,2026-07-11 19:00:00
,,,,,,,2026-07-11 20:00:00
,,,,,,,2026-07-11 21:00:00
,,,,,,,2026-07-11 22:00:00
,,,,,,,2026-07-11 23:00:00
,,,,,,,2026-07-12 00:00:00
,,,,,,,2026-07-12 01:00:00
,,,,,,,2026-07-12 02:00:00
,,,,,,,2026-07-12 03:00:00
,,,,,,,2026-07-12 04:00:00
,,,,,,,2026-07-12 05:00:00
,,,,,,,2026-07-12 06:00:00
,,,,,,,2026-07-12 07:00:00
,,,,,,,2026-07-12 08:00:00
,,,,,,,2026-07-12 09:00:00
,,,,,,,2026-07-12 10:00:00
,,,,,,,2026-07-12 11:00:00
,,,,,,,2026-07-12 12:00:00
,,,,,,,2026-07-12 13:00:00
,,,,,,,2026-07-12 14:00:00
,,,,,,,2026-07-12 15:00:00
,,,,,,,2026-07-12 16:00:00
,,,,,,,2026-07-12 17:00:00
,,,,,,,2026-07-12 18:00:00
,,,,,,,2026-07-12 19:00:00
,,,,,,,2026-07-12 20:00:00
,,,,,,,2026-07-12 21:00:00
,,,,,,,2026-07-12 22:00:00
,,,,,,,2026-07-12 23:00:00
,,,,,,,2026-07-13 00:00:00
,,,,,,,2026-07-13 01:00:00
,,,,,,,2026-07-13 02:00:00
,,,,,,,2026-07-13 03:00:00
,,,,,,,2026-07-13 04:00:00
,,,,,,,2026-07-13 05:00:00
,,,,,,,2026-07-13 06:00:00
,,,,,,,2026-07-13 07:00:00
,,,,,,,2026-07-13 08:00:00
,,,,,,,2026-07-13 09:00:00
,,,,,,,2026-07-13 10:00:00
,,,,,,,2026-07-13 11:00:00
,,,,,,,2026-07-13 12:00:00
,,,,,,,2026-07-13 13:00:00
,,,,,,,2026-07-13 14:00:00
,,,,,,,2026-07-13 15:00:00
,,,,,,,2026-07-13 16:00:00
,,,,,,,2026-07-13 17:00:00
,,,,,,,2026-07-13 18:00:00
,,,,,,,2026-07-13 19:00:00
,,,,,,,2026-07-13 20:00:00
,,,,,,,2026-07-13 21:00:00
,,,,,,,2026-07-13 22:00:00
,,,,,,,2026-07-13 23:00:00
,,,,,,,2026-07-14 00:00:00
,,,,,,,2026-07-14 01:00:00
,,,,,,,2026-07-14 02:00:00
,,,,,,,2026-07-14 03:00:00
,,,,,,,2026-07-14 04:00:00
,,,,,,,2026-07-14 05:00:00
,,,,,,,2026-07-14 06:00:00
,,,,,,,2026-07-14 07:00:00
,,,,,,,2026-07-14 08:00:00
,,,,,,,2026-07-14 09:00:00
,,,,,,,2026-07-14 10:00:00
,,,,,,,2026-07-14 11:00:00
,,,,,,,2026-07-14 12:00:00
,,,,,,,2026-07-14 13:00:00
,,,,,,,2026-07-14 14:00:00
,,,,,,,2026-07-14 15:00:00
,,,,,,,2026-07-14 16:00:00
,,,,,,,2026-07-14 17:00:00
,,,,,,,2026-07-14 18:00:00
,,,,,,,2026-07-14 19:00:00
,,,,,,,2026-07-14 20:00:00
,,,,,,,2026-07-14 21:00:00
,,,,,,,2026-07-14 22:00:00
,,,,,,,2026-07-14 23:00:00
,,,,,,,2026-07-15 00:00:00
,,,,,,,2026-07-15 01:00:00
,,,,,,,2026-07-15 02:00:00
,,,,,,,2026-07-15 03:00:00
,,,,,,,2026-07-15 04:00:00
,,,,,,,2026-07-15 05:00:00
,,,,,,,2026-07-15 06:00:00
,,,,,,,2026-07-15 07:00:00
,,,,,,,2026-07-15 08:00:00
,,,,,,,2026-07-15 09:00:00
,,,,,,,2026-07-15 10:00:00
,,,,,,,2026-07-15 11:00:00
,,,,,,,2026-07-15 12:00:00
,,,,,,,2026-07-15 13:00:00
,,,,,,,2026-07-15 14:00:00
,,,,,,,2026-07-15 15:00:00
,,,,,,,2026-07-15 16:00:00
,,,,,,,2026-07-15 17:00:00
,,,,,,,2026-07-15 18:00:00
,,,,,,,2026-07-15 19:00:00
,,,,,,,2026-07-15 20:00:00
,,,,,,,2026-07-15 21:00:00
,,,,,,,2026-07-15 22:00:00
,,,,,,,2026-07-15 23:00:00
,,,,,,,2026-07-16 00:00:00
,,,,,,,2026-07-16 01:00:00
,,,,,,,2026-07-16 02:00:00
,,,,,,,2026-07-16 03:00:00
,,,,,,,2026-07-16 04:00:00
,,,,,,,2026-07-16 05:00:00
,,,,,,,2026-07-16 06:00:00
,,,,,,,2026-07-16 07:00:00
,,,,,,,2026-07-16 08:00:00
,,,,,,,2026-07-16 09:00:00
,,,,,,,2026-07-16 10:00:00
,,,,,,,2026-07-16 11:00:00
,,,,,,,2026-07-16 12:00:00
,,,,,,,2026-07-16 13:00:00
,,,,,,,2026-07-16 14:00:00
,,,,,,,2026-07-16 15:00:00
,,,,,,,2026-07-16 16:00:00
,,,,,,,2026-07-16 17:00:00
,,,,,,,2026-07-16 18:00:00
,,,,,,,2026-07-16 19:00:00
,,,,,,,2026-07-16 20:00:00
,,,,,,,2026-07-16 21:00:00
,,,,,,,2026-07-16 22:00:00
,,,,,,,2026-07-16 23:00:00
,,,,,,,2026-07-17 00:00:00
,,,,,,,2026-07-17 01:00:00
,,,,,,,2026-07-17 02:00:00
,,,,,,,2026-07-17 03:00:00
,,,,,,,2026-07-17 04:00:00
,,,,,,,2026-07-17 05:00:00
,,,,,,,2026-07-17 06:00:00
,,,,,,,2026-07-17 07:00:00
,,,,,,,2026-07-17 08:00:00
,,,,,,,2026-07-17 09:00:00
,,,,,,,2026-07-17 10:00:00
,,,,,,,2026-07-17 11:00:00
,,,,,,,2026-07-17 12:00:00
,,,,,,,2026-07-17 13:00:00
,,,,,,,2026-07-17 14:00:00
,,,,,,,2026-07-17 15:00:00
,,,,,,,2026-07-17 16:00:00
,,,,,,,2026-07-17 17:00:00
,,,,,,,2026-07-17 18:00:00
,,,,,,,2026-07-17 19:00:00
,,,,,,,2026-07-17 20:00:00
,,,,,,,2026-07-17 21:00:00
,,,,,,,2026-07-17 22:00:00
,,,,,,,2026-07-17 23:00:00
,,,,,,,2026-07-18 00:00:00
,,,,,,,2026-07-18 01:00:00
,,,,,,,2026-07-18 02:00:00
,,,,,,,2026-07-18 03:00:00
,,,,,,,2026-07-18 04:00:00
,,,,,,,2026-07-18 05:00:00
,,,,,,,2026-07-18 06:00:00
,,,,,,,2026-07-18 07:00:00
,,,,,,,2026-07-18 08:00:00
,,,,,,,2026-07-18 09:00:00
,,,,,,,2026-07-18 10:00:00
,,,,,,,2026-07-18 11:00:00
,,,,,,,2026-07-18 12:00:00
,,,,,,,2026-07-18 13:00:00
,,,,,,,2026-07-18 14:00:00
,,,,,,,2026-07-18 15:00:00
,,,,,,,2026-07-18 16:00:00
,,,,,,,2026-07-18 17:00:00
,,,,,,,2026-07-18 18:00:00
,,,,,,,2026-07-18 19:00:00
,,,,,,,2026-07-18 20:00:00
,,,,,,,2026-07-18 21:00:00
,,,,,,,2026-07-18 22:00:00
,,,,,,,2026-07-18 23:00:00
,,,,,,,2026-07-19 00:00:00
,,,,,,,2026-07-19 01:00:00
,,,,,,,2026-07-19 02:00:00
,,,,,,,2026-07-19 03:00:00
,,,,,,,2026-07-19 04:00:00
,,,,,,,2026-07-19 05:00:00
,,,,,,,2026-07-19 06:00:00
,,,,,,,2026-07-19 07:00:00
,,,,,,,2026-07-19 08:00:00
,,,,,,,2026-07-19 09:00:00
,,,,,,,2026-07-19 10:00:00
,,,,,,,2026-07-19 11:00:00
,,,,,,,2026-07-19 12:00:00
,,,,,,,2026-07-19 13:00:00
,,,,,,,2026-07-19 14:00:00
,,,,,,,2026-07-19 15:00:00
,,,,,,,2026-07-19 16:00:00
,,,,,,,2026-07-19 17:00:00
,,,,,,,2026-07-19 18:00:00
,,,,,,,2026-07-19 19:00:00
,,,,,,,2026-07-19 20:00:00
,,,,,,,2026-07-19 21:00:00
,,,,,,,2026-07-19 22:00:00
,,,,,,,2026-07-19 23:00:00
,,,,,,,2026-07-20 00:00:00
,,,,,,,2026-07-20 01:00:00
,,,,,,,2026-07-20 02:00:00
,,,,,,,2026-07-20 03:00:00
,,,,,,,2026-07-20 04:00:00
,,,,,,,2026-07-20 05:00:00
,,,,,,,2026-07-20 06:00:00
,,,,,,,2026-07-20 07:00:00
,,,,,,,2026-07-20 08:00:00
,,,,,,,2026-07-20 09:00:00
,,,,,,,2026-07-20 10:00:00
,,,,,,,2026-07-20 11:00:00
,,,,,,,2026-07-20 12:00:00
,,,,,,,2026-07-20 13:00:00
,,,,,,,2026-07-20 14:00:00
,,,,,,,2026-07-20 15:00:00
,,,,,,,2026-07-20 16:00:00
,,,,,,,2026-07-20 17:00:00
,,,,,,,2026-07-20 18:00:00
,,,,,,,2026-07-20 19:00:00
,,,,,,,2026-07-20 20:00:00
,,,,,,,2026-07-20 21:00:00
,,,,,,,2026-07-20 22:00:00
,,,,,,,2026-07-20 23:00:00
,,,,,,,2026-07-21 00:00:00
,,,,,,,2026-07-21 01:00:00
,,,,,,,2026-07-21 02:00:00
,,,,,,,2026-07-21 03:00:00
,,,,,,,2026-07-21 04:00:00
,,,,,,,2026-07-21 05:00:00
,,,,,,,2026-07-21 06:00:00
,,,,,,,2026-07-21 07:00:00
,,,,,,,2026-07-21 08:00:00
,,,,,,,2026-07-21 09:00:00
,,,,,,,2026-07-21 10:00:00
,,,,,,,2026-07-21 11:00:00
,,,,,,,2026-07-21 12:00:00
,,,,,,,2026-07-21 13:00:00
,,,,,,,2026-07-21 14:00:00
,,,,,,,2026-07-21 15:00:00
,,,,,,,2026-07-21 16:00:00
,,,,,,,2026-07-21 17:00:00
,,,,,,,2026-07-21 18:00:00
,,,,,,,2026-07-21 19:00:00
,,,,,,,2026-07-21 20:00:00
,,,,,,,2026-07-21 21:00:00
,,,,,,,2026-07-21 22:00:00
,,,,,,,2026-07-21 23:00:00
,,,,,,,2026-07-22 00:00:00
,,,,,,,2026-07-22 01:00:00
,,,,,,,2026-07-22 02:00:00
,,,,,,,2026-07-22 03:00:00
,,,,,,,2026-07-22 04:00:00
,,,,,,,2026-07-22 05:00:00
,,,,,,,2026-07-22 06:00:00
,,,,,,,2026-07-22 07:00:00
,,,,,,,2026-07-22 08:00:00
,,,,,,,2026-07-22 09:00:00
,,,,,,,2026-07-22 10:00:00
,,,,,,,2026-07-22 11:00:00
,,,,,,,2026-07-22 12:00:00
,,,,,,,2026-07-22 13:00:00
,,,,,,,2026-07-22 14:00:00
,,,,,,,2026-07-22 15:00:00
,,,,,,,2026-07-22 16:00:00
,,,,,,,2026-07-22 17:00:00
,,,,,,,2026-07-22 18:00:00
,,,,,,,2026-07-22 19:00:00
,,,,,,,2026-07-22 20:00:00
,,,,,,,2026-07-22 21:00:00
,,,,,,,2026-07-22 22:00:00
,,,,,,,2026-07-22 23:00:00
,,,,,,,2026-07-23 00:00:00
,,,,,,,2026-07-23 01:00:00
,,,,,,,2026-07-23 02:00:00
,,,,,,,2026-07-23 03:00:00
,,,,,,,2026-07-23 04:00:00
,,,,,,,2026-07-23 05:00:00
,,,,,,,2026-07-23 06:00:00
,,,,,,,2026-07-23 07:00:00
,,,,,,,2026-07-23 08:00:00
,,,,,,,2026-07-23 09:00:00
,,,,,,,2026-07-23 10:00:00
,,,,,,,2026-07-23 11:00:00
,,,,,,,2026-07-23 12:00:00
,,,,,,,2026-07-23 13:00:00
,,,,,,,2026-07-23 14:00:00
,,,,,,,2026-07-23 15:00:00
,,,,,,,2026-07-23 16:00:00
,,,,,,,2026-07-23 17:00:00
,,,,,,,2026-07-23 18:00:00
,,,,,,,2026-07-23 19:00:00
,,,,,,,2026-07-23 20:00:00
,,,,,,,2026-07-23 21:00:00
,,,,,,,2026-07-23 22:00:00
,,,,,,,2026-07-23 23:00:00
,,,,,,,2026-07-24 00:00:00
,,,,,,,2026-07-24 01:00:00
,,,,,,,2026-07-24 02:00:00
,,,,,,,2026-07-24 03:00:00
,,,,,,,2026-07-24 04:00:00
,,,,,,,2026-07-24 05:00:00
,,,,,,,2026-07-24 06:00:00
,,,,,,,2026-07-24 07:00:00
,,,,,,,2026-07-24 08:00:00
,,,,,,,2026-07-24 09:00:00
,,,,,,,2026-07-24 10:00:00
,,,,,,,2026-07-24 11:00:00
,,,,,,,2026-07-24 12:00:00
,,,,,,,2026-07-24 13:00:00
,,,,,,,2026-07-24 14:00:00
,,,,,,,2026-07-24 15:00:00
,,,,,,,2026-07-24 16:00:00
,,,,,,,2026-07-24 17:00:00
,,,,,,,2026-07-24 18:00:00
,,,,,,,2026-07-24 19:00:00
,,,,,,,2026-07-24 20:00:00
,,,,,,,2026-07-24 21:00:00
,,,,,,,2026-07-24 22:00:00
,,,,,,,2026-07-24 23:00:00
,,,,,,,2026-07-25 00:00:00
,,,,,,,2026-07-25 01:00:00
,,,,,,,2026-07-25 02:00:00
,,,,,,,2026-07-25 03:00:00
,,,,,,,2026-07-25 04:00:00
,,,,,,,2026-07-25 05:00:00
,,,,,,,2026-07-25 06:00:00
,,,,,,,2026-07-25 07:00:00
,,,,,,,2026-07-25 08:00:00
,,,,,,,2026-07-25 09:00:00
,,,,,,,2026-07-25 10:00:00
,,,,,,,2026-07-25 11:00:00
,,,,,,,2026-07-25 12:00:00
,,,,,,,2026-07-25 13:00:00
,,,,,,,2026-07-25 14:00:00
,,,,,,,2026-07-25 15:00:00
,,,,,,,2026-07-25 16:00:00
,,,,,,,2026-07-25 17:00:00
,,,,,,,2026-07-25 18:00:00
,,,,,,,2026-07-25 19:00:00
,,,,,,,2026-07-25 20:00:00
,,,,,,,2026-07-25 21:00:00
,,,,,,,2026-07-25 22:00:00
,,,,,,,2026-07-25 23:00:00
,,,,,,,2026-07-26 00:00:00
,,,,,,,2026-07-26 01:00:00
,,,,,,,2026-07-26 02:00:00
,,,,,,,2026-07-26 03:00:00
,,,,,,,2026-07-26 04:00:00
,,,,,,,2026-07-26 05:00:00
,,,,,,,2026-07-26 06:00:00
,,,,,,,2026-07-26 07:00:00
,,,,,,,2026-07-26 08:00:00
,,,,,,,2026-07-26 09:00:00
,,,,,,,2026-07-26 10:00:00
,,,,,,,2026-07-26 11:00:00
,,,,,,,2026-07-26 12:00:00
,,,,,,,2026-07-26 13:00:00
,,,,,,,2026-07-26 14:00:00
,,,,,,,2026-07-26 15:00:00
,,,,,,,2026-07-26 16:00:00
,,,,,,,2026-07-26 17:00:00
,,,,,,,2026-07-26 18:00:00
,,,,,,,2026-07-26 19:00:00
,,,,,,,2026-07-26 20:00:00
,,,,,,,2026-07-26 21:00:00
,,,,,,,2026-07-26 22:00:00
,,,,,,,2026-07-26 23:00:00
,,,,,,,2026-07-27 00:00:00
,,,,,,,2026-07-27 01:00:00
,,,,,,,2026-07-27 02:00:00
,,,,,,,2026-07-27 03:00:00
,,,,,,,2026-07-27 04:00:00
,,,,,,,2026-07-27 05:00:00
,,,,,,,2026-07-27 06:00:00
,,,,,,,2026-07-27 07:00:00
,,,,,,,2026-07-27 08:00:00
,,,,,,,2026-07-27 09:00:00
,,,,,,,2026-07-27 10:00:00
,,,,,,,2026-07-27 11:00:00
,,,,,,,2026-07-27 12:00:00
,,,,,,,2026-07-27 13:00:00
,,,,,,,2026-07-27 14:00:00
,,,,,,,2026-07-27 15:00:00
,,,,,,,2026-07-27 16:00:00
,,,,,,,2026-07-27 17:00:00
,,,,,,,2026-07-27 18:00:00
,,,,,,,2026-07-27 19:00:00
,,,,,,,2026-07-27 20:00:00
,,,,,,,2026-07-27 21:00:00
,,,,,,,2026-07-27 22:00:00
,,,,,,,2026-07-27 23:00:00
,,,,,,,2026-07-28 00:00:00
,,,,,,,2026-07-28 01:00:00
,,,,,,,2026-07-28 02:00:00
,,,,,,,2026-07-28 03:00:00
,,,,,,,2026-07-28 04:00:00
,,,,,,,2026-07-28 05:00:00
,,,,,,,2026-07-28 06:00:00
,,,,,,,2026-07-28 07:00:00
,,,,,,,2026-07-28 08:00:00
,,,,,,,2026-07-28 09:00:00
,,,,,,,2026-07-28 10:00:00
,,,,,,,2026-07-28 11:00:00
,,,,,,,2026-07-28 12:00:00
,,,,,,,2026-07-28 13:00:00
,,,,,,,2026-07-28 14:00:00
,,,,,,,2026-07-28 15:00:00
,,,,,,,2026-07-28 16:00:00
,,,,,,,2026-07-28 17:00:00
9.32,10.72,11.29,59.0,9.8,28.8,1002.5,2026-07-28 18:00:00
8.63,9.85,10.41,61.0,10.4,27.5,1003.5,2026-07-28 19:00:00
8.23,9.27,9.74,66.0,11.0,27.2,1004.3,2026-07-28 20:00:00
8.29,8.98,9.43,73.0,11.4,27.2,1004.9,2026-07-28 21:00:00
7.78,9.18,9.59,74.0,11.9,27.0,1005.6,2026-07-28 22:00:00
8.04,9.87,10.3,77.0,12.5,26.9,1005.5,2026-07-28 23:00:00
8.17,10.49,11.01,79.0,13.5,26.8,1004.8,2026-07-29 00:00:00
7.79,10.04,10.55,80.0,13.0,26.7,1004.3,2026-07-29 01:00:00
7.38,9.34,9.83,80.0,12.3,26.6,1003.8,2026-07-29 02:00:00
7.35,9.19,9.8,82.0,12.0,26.5,1003.7,2026-07-29 03:00:00
7.33,9.69,10.18,82.0,12.9,26.5,1003.8,2026-07-29 04:00:00
7.35,9.87,10.38,83.0,12.6,26.4,1003.9,2026-07-29 05:00:00
7.75,10.25,10.87,84.0,13.9,26.6,1004.3,2026-07-29 06:00:00
9.14,12.33,12.89,86.0,14.1,28.0,1004.9,2026-07-29 07:00:00
10.3,13.61,13.99,92.0,13.8,29.9,1005.0,2026-07-29 08:00:00
10.6,14.14,14.64,94.0,13.7,32.1,1005.1,2026-07-29 09:00:00
10.7,14.34,14.85,98.0,13.5,33.8,1004.7,2026-07-29 10:00:00
10.6,14.35,14.75,98.0,13.2,34.9,1004.1,2026-07-29 11:00:00
11.01,14.57,15.07,99.0,13.3,35.8,1003.1,2026-07-29 12:00:00
11.14,14.51,15.01,97.0,13.0,36.2,1002.3,2026-07-29 13:00:00
11.54,13.91,14.3,92.0,12.5,36.0,1001.2,2026-07-29 14:00:00
11.8,12.78,13.24,84.0,11.1,35.1,1000.4,2026-07-29 15:00:00
12.12,13.29,13.76,73.0,10.8,32.9,1000.2,2026-07-29 16:00:00
11.59,13.39,13.87,74.0,11.5,30.7,1001.0,2026-07-29 17:00:00
10.42,12.84,13.4,70.0,13.5,28.8,1001.8,2026-07-29 18:00:00
10.74,13.67,14.31,67.0,15.7,28.8,1003.1,2026-07-29 19:00:00
10.71,13.62,14.26,68.0,15.8,28.4,1003.8,2026-07-29 20:00:00
10.91,13.96,14.62,72.0,15.9,28.2,1004.4,2026-07-29 21:00:00
11.19,14.26,14.93,73.0,16.4,28.1,1005.1,2026-07-29 22:00:00
11.0,14.03,14.69,76.0,16.3,28.1,1005.3,2026-07-29 23:00:00
10.1,13.03,13.64,79.0,16.0,27.9,1004.8,2026-07-30 00:00:00
9.77,12.55,13.14,81.0,14.7,27.8,1004.9,2026-07-30 01:00:00
9.42,11.95,12.52,84.0,14.5,27.7,1004.5,2026-07-30 02:00:00
9.2,11.79,12.34,85.0,13.7,27.5,1003.7,2026-07-30 03:00:00
9.23,11.91,12.48,86.0,13.4,27.4,1003.4,2026-07-30 04:00:00
9.48,12.5,13.09,87.0,13.7,27.4,1003.6,2026-07-30 05:00:00
9.33,12.16,12.73,86.0,13.8,27.4,1003.7,2026-07-30 06:00:00
9.92,12.13,12.7,85.0,15.0,28.6,1004.6,2026-07-30 07:00:00
10.72,12.72,13.32,85.0,16.1,30.5,1005.2,2026-07-30 08:00:00
11.62,13.64,14.29,85.0,17.7,32.6,1005.0,2026-07-30 09:00:00
12.13,14.13,14.8,83.0,18.7,34.1,1004.7,2026-07-30 10:00:00
12.12,14.05,14.72,81.0,18.8,35.2,1004.3,2026-07-30 11:00:00
11.97,13.94,14.59,78.0,18.7,35.6,1003.6,2026-07-30 12:00:00
12.06,14.07,14.73,77.0,19.9,35.8,1003.6,2026-07-30 13:00:00
12.85,14.99,15.7,72.0,19.6,34.7,1003.1,2026-07-30 14:00:00
13.29,15.74,16.49,70.0,20.4,33.5,1002.2,2026-07-30 15:00:00
13.35,15.94,16.69,67.0,20.3,32.0,1002.1,2026-07-30 16:00:00
13.36,16.1,16.86,67.0,20.1,30.6,1002.4,2026-07-30 17:00:00
13.15,16.11,16.87,70.0,20.1,29.3,1003.2,2026-07-30 18:00:00
12.43,15.56,16.29,69.0,19.3,28.4,1004.3,2026-07-30 19:00:00
12.25,15.43,16.16,70.0,18.1,28.0,1005.3,2026-07-30 20:00:00
12.16,15.3,16.02,74.0,17.8,28.0,1006.0,2026-07-30 21:00:00
12.14,15.19,15.9,78.0,17.9,27.9,1006.6,2026-07-30 22:00:00
11.19,14.04,14.7,79.0,17.6,27.8,1006.7,2026-07-30 23:00:00
10.79,13.59,14.23,81.0,16.2,27.6,1006.4,2026-07-31 00:00:00
10.33,13.3,13.92,79.0,15.6,27.4,1006.2,2026-07-31 01:00:00
9.86,12.63,13.22,81.0,14.9,27.2,1005.6,2026-07-31 02:00:00
9.16,11.88,12.44,83.0,14.3,27.0,1005.2,2026-07-31 03:00:00
8.83,11.66,12.21,84.0,13.2,27.0,1004.9,2026-07-31 04:00:00
8.69,11.58,12.12,83.0,12.8,26.9,1005.0,2026-07-31 05:00:00
9.02,11.64,12.19,83.0,12.8,27.1,1005.3,2026-07-31 06:00:00
9.68,11.76,12.32,80.0,14.0,28.2,1005.8,2026-07-31 07:00:00
10.27,12.12,12.7,81.0,15.6,30.2,1005.9,2026-07-31 08:00:00
10.89,12.73,13.33,85.0,16.6,32.2,1005.9,2026-07-31 09:00:00
11.2,13.03,13.65,87.0,17.4,34.0,1005.8,2026-07-31 10:00:00
10.87,12.64,13.24,82.0,17.8,35.1,1005.1,2026-07-31 11:00:00
10.93,12.67,13.27,76.0,17.4,34.7,1004.3,2026-07-31 12:00:00
11.23,13.12,13.74,68.0,17.9,34.9,1003.8,2026-07-31 13:00:00
12.06,14.31,14.98,68.0,18.3,32.4,1003.1,2026-07-31 14:00:00
11.12,13.19,13.81,68.0,18.4,31.8,1002.7,2026-07-31 15:00:00
11.0,13.08,13.69,68.0,17.0,30.9,1002.6,2026-07-31 16:00:00
10.78,13.1,13.72,65.0,16.6,29.5,1002.5,2026-07-31 17:00:00
10.18,13.09,13.71,66.0,16.0,28.4,1003.4,2026-07-31 18:00:00
9.31,12.33,12.91,66.0,15.2,28.4,1004.3,2026-07-31 19:00:00
9.25,12.24,12.82,68.0,13.6,28.2,1004.9,2026-07-31 20:00:00
9.14,12.22,12.8,72.0,13.4,28.2,1005.6,2026-07-31 21:00:00
9.36,12.07,12.64,78.0,13.6,28.2,1005.9,2026-07-31 22:00:00
9.22,11.8,12.35,75.0,13.6,27.9,1005.5,2026-07-31 23:00:00
8.95,11.52,12.06,74.0,13.7,27.6,1004.7,2026-08-01 00:00:00
8.94,11.5,12.05,75.0,13.2,27.4,1004.6,2026-08-01 01:00:00
8.54,11.03,11.55,77.0,13.3,27.4,1004.1,2026-08-01 02:00:00
8.35,10.69,11.19,77.0,12.6,27.2,1003.5,2026-08-01 03:00:00
7.69,9.95,10.42,78.0,12.2,27.0,1003.2,2026-08-01 04:00:00
6.98,9.21,9.64,82.0,11.3,26.9,1003.1,2026-08-01 05:00:00
6.08,8.33,8.72,82.0,10.2,26.9,1003.2,2026-08-01 06:00:00
8.07,10.06,10.54,78.0,9.7,28.2,1004.2,2026-08-01 07:00:00
7.97,9.54,9.99,82.0,12.6,30.1,1004.4,2026-08-01 08:00:00
7.1,8.29,8.68,92.0,12.5,32.7,1004.2,2026-08-01 09:00:00
6.91,8.02,8.4,98.0,11.6,34.8,1003.6,2026-08-01 10:00:00
6.73,7.75,8.11,99.0,11.7,36.1,1002.8,2026-08-01 11:00:00
6.44,7.45,7.8,103.0,11.6,37.0,1002.0,2026-08-01 12:00:00
5.76,6.72,7.03,96.0,11.4,37.3,1001.8,2026-08-01 13:00:00
5.35,6.44,6.75,93.0,9.8,35.5,1000.8,2026-08-01 14:00:00
6.46,7.9,8.27,92.0,10.2,35.5,1000.3,2026-08-01 15:00:00
6.93,8.48,8.88,90.0,10.7,35.0,1000.1,2026-08-01 16:00:00
8.7,11.36,11.9,71.0,12.5,32.3,1000.3,2026-08-01 17:00:00
9.27,12.75,13.35,70.0,13.9,30.4,1001.1,2026-08-01 18:00:00
9.26,12.18,12.76,68.0,13.2,29.6,1002.2,2026-08-01 19:00:00
7.59,9.82,10.29,70.0,13.4,29.0,1002.7,2026-08-01 20:00:00
6.93,8.68,9.09,76.0,11.3,28.9,1003.3,2026-08-01 21:00:00
7.01,8.92,9.34,78.0,10.3,28.8,1003.7,2026-08-01 22:00:00
7.78,10.14,10.62,82.0,11.2,28.4,1003.7,2026-08-01 23:00:00
8.57,11.64,12.19,81.0,12.4,28.0,1003.2,2026-08-02 00:00:00
9.54,12.3,12.88,82.0,14.4,27.9,1002.8,2026-08-02 01:00:00
8.17,10.78,11.28,88.0,13.9,27.8,1002.5,2026-08-02 02:00:00
7.3,10.06,10.54,94.0,11.7,27.7,1002.6,2026-08-02 03:00:00
7.02,9.71,10.17,97.0,10.6,27.6,1002.9,2026-08-02 04:00:00
7.25,10.02,10.5,95.0,10.4,27.5,1003.0,2026-08-02 05:00:00
7.65,10.53,11.03,91.0,11.0,27.5,1003.1,2026-08-02 06:00:00
8.83,11.02,11.54,84.0,12.9,28.5,1004.2,2026-08-02 07:00:00
9.45,11.33,11.86,86.0,14.3,30.4,1004.6,2026-08-02 08:00:00
9.8,11.5,12.05,91.0,15.0,32.9,1004.4,2026-08-02 09:00:00
10.14,11.83,12.39,97.0,15.7,35.0,1004.2,2026-08-02 10:00:00
9.81,11.52,12.07,98.0,15.9,36.5,1003.8,2026-08-02 11:00:00
9.5,11.18,11.71,93.0,15.5,37.7,1002.8,2026-08-02 12:00:00
9.92,11.76,12.31,79.0,15.2,37.5,1002.6,2026-08-02 13:00:00
10.96,13.48,14.12,69.0,16.2,34.2,1001.7,2026-08-02 14:00:00
12.28,14.96,15.67,67.0,18.5,32.9,1001.3,2026-08-02 15:00:00
11.79,14.75,15.45,68.0,18.4,31.7,1001.0,2026-08-02 16:00:00
11.37,14.55,15.24,69.0,17.6,30.3,1000.9,2026-08-02 17:00:00
10.52,14.2,14.87,70.0,16.6,29.0,1001.1,2026-08-02 18:00:00
11.07,14.77,15.47,70.0,15.6,28.7,1001.7,2026-08-02 19:00:00
11.21,14.98,15.69,72.0,16.3,28.3,1002.2,2026-08-02 20:00:00
11.31,15.07,15.78,77.0,16.4,28.1,1002.9,2026-08-02 21:00:00
11.81,15.04,15.75,80.0,17.6,27.9,1003.5,2026-08-02 22:00:00
11.21,14.33,15.01,83.0,17.3,27.8,1003.6,2026-08-02 23:00:00
10.7,13.78,14.43,86.0,16.4,27.7,1003.3,2026-08-03 00:00:00
9.98,12.83,13.44,84.0,15.7,27.7,1003.5,2026-08-03 01:00:00
9.29,12.01,12.57,84.0,14.6,27.6,1003.2,2026-08-03 02:00:00
9.22,11.84,12.4,85.0,13.7,27.5,1003.3,2026-08-03 03:00:00
8.23,10.98,11.49,87.0,13.5,27.3,1003.3,2026-08-03 04:00:00
7.65,10.4,10.89,86.0,12.1,27.3,1003.8,2026-08-03 05:00:00
8.01,10.5,11.0,83.0,11.5,27.3,1003.9,2026-08-03 06:00:00
8.53,10.63,11.13,79.0,12.7,28.1,1004.9,2026-08-03 07:00:00
9.39,11.31,11.84,78.0,14.3,29.7,1004.8,2026-08-03 08:00:00
9.97,11.87,12.43,79.0,15.4,31.8,1004.8,2026-08-03 09:00:00
10.48,12.28,12.86,77.0,16.2,33.2,1004.3,2026-08-03 10:00:00
11.15,13.01,13.63,73.0,17.3,33.9,1003.8,2026-08-03 11:00:00
11.55,13.5,14.14,71.0,17.9,34.3,1003.2,2026-08-03 12:00:00
10.76,12.71,13.31,68.0,18.3,35.0,1003.1,2026-08-03 13:00:00
10.99,13.04,13.65,65.0,17.1,33.8,1002.0,2026-08-03 14:00:00
11.26,13.32,13.95,62.0,17.6,32.8,1001.1,2026-08-03 15:00:00
11.8,14.36,15.04,63.0,17.8,31.7,1001.1,2026-08-03 16:00:00
11.36,14.16,14.83,66.0,17.8,30.3,1001.4,2026-08-03 17:00:00
10.73,13.78,14.43,69.0,16.8,29.3,1002.1,2026-08-03 18:00:00
10.22,13.79,14.45,71.0,15.7,28.5,1002.9,2026-08-03 19:00:00
10.47,13.77,14.42,75.0,15.1,28.3,1003.2,2026-08-03 20:00:00
10.25,13.5,14.14,79.0,15.2,28.1,1003.7,2026-08-03 21:00:00
10.24,13.24,13.86,81.0,14.9,27.9,1003.9,2026-08-03 22:00:00
9.77,12.53,13.12,85.0,15.2,27.8,1003.9,2026-08-03 23:00:00
9.36,11.98,12.54,86.0,14.4,27.8,1003.7,2026-08-04 00:00:00
8.82,11.32,11.85,88.0,13.7,27.7,1003.7,2026-08-04 01:00:00
8.32,10.66,11.16,85.0,12.9,27.5,1003.2,2026-08-04 02:00:00
8.51,10.9,11.41,86.0,12.5,27.4,1002.9,2026-08-04 03:00:00
8.18,10.88,11.39,88.0,12.5,27.3,1002.6,2026-08-04 04:00:00
8.23,11.03,11.55,87.0,12.0,27.2,1002.7,2026-08-04 05:00:00
8.64,11.28,11.81,87.0,12.2,27.2,1002.9,2026-08-04 06:00:00
8.58,10.73,11.24,84.0,13.4,28.3,1004.1,2026-08-04 07:00:00
9.12,10.96,11.48,85.0,14.0,30.4,1004.3,2026-08-04 08:00:00
9.6,11.32,11.86,84.0,14.9,32.3,1004.5,2026-08-04 09:00:00
10.13,11.81,12.37,82.0,16.8,34.0,1004.1,2026-08-04 10:00:00
10.21,11.93,12.49,80.0,16.8,35.1,1003.8,2026-08-04 11:00:00
10.86,12.71,13.31,74.0,17.0,35.2,1003.2,2026-08-04 12:00:00
11.89,14.05,14.71,69.0,19.1,35.0,1002.8,2026-08-04 13:00:00
12.62,15.07,15.78,65.0,19.2,32.9,1002.4,2026-08-04 14:00:00
12.45,14.97,15.68,63.0,19.2,31.9,1001.9,2026-08-04 15:00:00
12.37,14.95,15.66,64.0,19.0,30.9,1001.6,2026-08-04 16:00:00
12.01,14.91,15.61,64.0,18.6,29.8,1001.7,2026-08-04 17:00:00
11.14,14.73,15.43,66.0,17.7,28.6,1002.2,2026-08-04 18:00:00
11.02,14.83,15.53,65.0,16.2,28.1,1003.2,2026-08-04 19:00:00
10.74,14.67,15.37,67.0,15.9,27.7,1004.0,2026-08-04 20:00:00
11.34,14.67,15.36,72.0,16.2,27.6,1004.4,2026-08-04 21:00:00
11.34,14.64,15.33,74.0,16.8,27.6,1004.8,2026-08-04 22:00:00
11.27,14.5,15.19,76.0,16.8,27.5,1005.2,2026-08-04 23:00:00
10.61,13.62,14.26,79.0,16.5,27.3,1004.7,2026-08-05 00:00:00
9.9,12.64,13.23,80.0,15.5,27.5,1005.0,2026-08-05 01:00:00
9.17,11.71,12.26,81.0,14.4,27.2,1004.6,2026-08-05 02:00:00
8.52,11.1,11.63,83.0,13.4,26.9,1004.4,2026-08-05 03:00:00
7.98,10.72,11.22,82.0,12.2,26.6,1004.1,2026-08-05 04:00:00
7.87,10.62,11.13,80.0,11.5,26.4,1004.5,2026-08-05 05:00:00
8.08,10.68,11.18,79.0,11.5,26.4,1004.8,2026-08-05 06:00:00
8.28,10.33,10.82,76.0,12.3,27.7,1005.9,2026-08-05 07:00:00
9.32,11.1,11.62,76.0,14.2,29.5,1005.9,2026-08-05 08:00:00
9.6,11.29,11.82,73.0,14.9,31.4,1005.6,2026-08-05 09:00:00
9.63,11.3,11.83,75.0,15.3,33.1,1005.2,2026-08-05 10:00:00
9.85,11.57,12.12,72.0,15.7,34.2,1004.7,2026-08-05 11:00:00
10.2,12.03,12.6,67.0,16.2,34.4,1003.9,2026-08-05 12:00:00
9.74,11.67,12.22,61.0,16.5,33.8,1004.2,2026-08-05 13:00:00
10.56,12.98,13.59,56.0,16.3,32.5,1003.1,2026-08-05 14:00:00
11.88,14.54,15.23,54.0,18.1,31.6,1002.3,2026-08-05 15:00:00
11.62,14.58,15.27,53.0,18.1,30.2,1002.1,2026-08-05 16:00:00
10.35,13.12,13.74,58.0,17.4,29.3,1002.1,2026-08-05 17:00:00
9.32,12.27,12.85,60.0,15.4,28.3,1002.7,2026-08-05 18:00:00
9.61,13.01,13.63,63.0,13.6,28.0,1003.2,2026-08-05 19:00:00
9.28,12.69,13.28,64.0,13.9,27.7,1003.8,2026-08-05 20:00:00
9.17,12.84,13.45,67.0,13.5,27.4,1004.3,2026-08-05 21:00:00
9.93,13.01,13.62,71.0,14.0,27.4,1005.0,2026-08-05 22:00:00
10.61,13.64,14.28,76.0,15.4,27.5,1004.7,2026-08-05 23:00:00
9.99,12.88,13.48,78.0,15.5,27.3,1004.5,2026-08-06 00:00:00
9.81,12.54,13.14,77.0,14.6,27.3,1004.4,2026-08-06 01:00:00
8.78,11.73,12.28,78.0,14.0,26.9,1004.2,2026-08-06 02:00:00
8.67,11.68,12.23,79.0,12.6,26.8,1004.2,2026-08-06 03:00:00
8.66,11.6,12.15,83.0,12.6,26.7,1004.1,2026-08-06 04:00:00
8.45,11.44,11.98,85.0,12.5,26.6,1004.2,2026-08-06 05:00:00
8.18,11.13,11.65,87.0,12.2,26.8,1004.5,2026-08-06 06:00:00
8.27,10.39,10.88,88.0,12.4,28.2,1005.6,2026-08-06 07:00:00
8.91,10.7,11.21,94.0,13.5,30.4,1006.0,2026-08-06 08:00:00
9.69,11.43,11.97,97.0,14.9,32.5,1006.0,2026-08-06 09:00:00
9.89,11.58,12.13,97.0,15.5,34.5,1005.7,2026-08-06 10:00:00
9.31,10.95,11.47,95.0,16.1,35.8,1005.2,2026-08-06 11:00:00
9.15,10.74,11.25,87.0,15.4,36.3,1004.5,2026-08-06 12:00:00
8.49,10.04,10.52,82.0,15.2,36.3,1004.7,2026-08-06 13:00:00
8.57,10.68,11.18,72.0,13.1,34.0,1004.0,2026-08-06 14:00:00
10.2,12.7,13.3,66.0,15.2,32.7,1003.6,2026-08-06 15:00:00
10.39,13.3,13.92,64.0,15.8,31.4,1003.6,2026-08-06 16:00:00
9.66,12.76,13.36,66.0,15.5,30.2,1004.1,2026-08-06 17:00:00
8.65,11.92,12.48,70.0,14.1,29.0,1004.6,2026-08-06 18:00:00
7.66,9.94,10.41,72.0,12.6,29.1,1005.7,2026-08-06 19:00:00
6.99,9.06,9.48,74.0,11.2,28.6,1006.4,2026-08-06 20:00:00
7.1,9.37,9.81,78.0,10.5,28.5,1006.7,2026-08-06 21:00:00
7.81,10.16,10.64,81.0,11.4,28.4,1006.9,2026-08-06 22:00:00
8.36,10.85,11.36,81.0,11.9,28.0,1006.7,2026-08-06 23:00:00
8.44,10.88,11.4,82.0,12.5,27.7,1006.4,2026-08-07 00:00:00
8.5,10.9,11.41,81.0,12.5,27.5,1006.3,2026-08-07 01:00:00
7.88,10.19,10.67,84.0,12.2,27.4,1005.8,2026-08-07 02:00:00
7.52,9.6,10.05,84.0,11.5,27.4,1005.7,2026-08-07 03:00:00
8.06,10.37,10.86,85.0,11.8,27.3,1005.6,2026-08-07 04:00:00
8.37,10.66,11.16,85.0,12.2,27.1,1005.9,2026-08-07 05:00:00
7.74,10.01,10.48,83.0,12.3,26.9,1006.3,2026-08-07 06:00:00
7.99,9.93,10.4,79.0,12.6,28.1,1007.5,2026-08-07 07:00:00
9.85,11.73,12.28,81.0,15.0,30.0,1007.7,2026-08-07 08:00:00
10.18,11.94,12.51,82.0,15.8,31.9,1008.0,2026-08-07 09:00:00
10.02,11.62,12.17,84.0,15.8,33.1,1007.4,2026-08-07 10:00:00
10.08,11.8,12.36,77.0,15.9,34.3,1006.7,2026-08-07 11:00:00
10.73,12.62,13.22,70.0,16.9,34.2,1005.8,2026-08-07 12:00:00
10.6,12.55,13.15,63.0,17.6,34.1,1005.4,2026-08-07 13:00:00
11.0,13.43,14.07,60.0,16.7,32.2,1004.7,2026-08-07 14:00:00
11.47,14.17,14.84,62.0,17.1,31.9,1004.0,2026-08-07 15:00:00
11.52,14.3,14.98,62.0,17.3,30.9,1003.8,2026-08-07 16:00:00
10.98,13.97,14.63,63.0,17.1,29.6,1003.7,2026-08-07 17:00:00
10.6,14.35,15.02,67.0,16.1,28.3,1003.9,2026-08-07 18:00:00
10.92,14.95,15.66,67.0,15.1,28.3,1004.9,2026-08-07 19:00:00
10.94,14.74,15.43,70.0,15.9,27.9,1005.2,2026-08-07 20:00:00
10.55,14.37,15.05,75.0,16.3,27.8,1005.7,2026-08-07 21:00:00
10.2,13.65,14.3,80.0,16.0,27.7,1006.2,2026-08-07 22:00:00
9.49,12.76,13.36,82.0,15.0,27.6,1006.1,2026-08-07 23:00:00
8.8,11.89,12.45,83.0,13.7,27.4,1005.6,2026-08-08 00:00:00
8.51,11.41,11.95,82.0,12.7,27.1,1005.7,2026-08-08 01:00:00
8.31,11.1,11.62,81.0,12.3,26.8,1005.2,2026-08-08 02:00:00
8.66,11.51,12.05,79.0,12.5,26.6,1004.7,2026-08-08 03:00:00
8.63,11.54,12.08,79.0,12.5,26.3,1004.6,2026-08-08 04:00:00
8.94,11.84,12.4,78.0,12.8,26.2,1004.9,2026-08-08 05:00:00
8.98,11.94,12.5,78.0,12.9,26.1,1005.1,2026-08-08 06:00:00
9.85,12.18,12.75,75.0,14.8,27.4,1006.1,2026-08-08 07:00:00
10.26,12.25,12.83,73.0,15.6,29.1,1006.2,2026-08-08 08:00:00
10.76,12.7,13.3,77.0,16.6,31.2,1006.4,2026-08-08 09:00:00
10.66,12.48,13.07,80.0,16.7,33.0,1006.0,2026-08-08 10:00:00
10.17,12.0,12.56,78.0,16.7,34.3,1005.4,2026-08-08 11:00:00
10.36,12.24,12.81,72.0,16.4,34.5,1004.2,2026-08-08 12:00:00
10.87,12.88,13.49,63.0,18.3,34.0,1004.2,2026-08-08 13:00:00
11.96,14.28,14.96,59.0,18.3,32.6,1003.2,2026-08-08 14:00:00
12.3,14.68,15.38,61.0,18.9,32.1,1002.3,2026-08-08 15:00:00
11.87,14.39,15.07,60.0,18.8,31.0,1001.7,2026-08-08 16:00:00
11.77,14.57,15.26,60.0,18.1,29.5,1001.7,2026-08-08 17:00:00
11.39,14.98,15.69,62.0,17.5,28.3,1002.3,2026-08-08 18:00:00
10.85,14.91,15.61,63.0,16.5,28.0,1003.6,2026-08-08 19:00:00
11.42,15.62,16.36,67.0,16.2,27.9,1004.0,2026-08-08 20:00:00
11.0,15.03,15.74,70.0,16.4,27.6,1004.9,2026-08-08 21:00:00
11.41,14.64,15.33,75.0,17.1,27.5,1005.6,2026-08-08 22:00:00
10.66,14.14,14.8,78.0,16.4,27.3,1005.5,2026-08-08 23:00:00
9.97,13.23,13.85,81.0,15.3,27.2,1005.1,2026-08-09 00:00:00
9.44,12.53,13.12,80.0,14.4,27.1,1004.9,2026-08-09 01:00:00
9.15,12.13,12.7,80.0,13.9,27.0,1004.3,2026-08-09 02:00:00
9.25,12.12,12.7,81.0,13.4,26.8,1003.9,2026-08-09 03:00:00
8.56,11.46,12.0,81.0,13.3,26.6,1004.0,2026-08-09 04:00:00
8.33,11.22,11.75,80.0,12.3,26.6,1004.0,2026-08-09 05:00:00
8.13,10.98,11.5,82.0,12.0,26.6,1004.1,2026-08-09 06:00:00
8.77,11.0,11.52,76.0,13.1,28.0,1005.1,2026-08-09 07:00:00
9.21,11.1,11.62,77.0,14.1,29.9,1005.7,2026-08-09 08:00:00
9.5,11.25,11.78,80.0,14.8,32.0,1006.0,2026-08-09 09:00:00
9.45,11.03,11.55,79.0,15.2,33.5,1005.7,2026-08-09 10:00:00
9.62,11.29,11.83,69.0,15.3,33.8,1005.1,2026-08-09 11:00:00
11.18,13.23,13.85,54.0,17.2,32.7,1004.3,2026-08-09 12:00:00
12.99,15.65,16.39,47.0,19.5,31.6,1003.7,2026-08-09 13:00:00
12.77,16.0,16.75,47.0,19.7,30.0,1002.7,2026-08-09 14:00:00
11.71,14.71,15.41,51.0,19.3,30.0,1002.2,2026-08-09 15:00:00
11.1,14.17,14.84,53.0,17.6,29.6,1001.8,2026-08-09 16:00:00
10.55,13.63,14.27,55.0,16.6,28.9,1002.1,2026-08-09 17:00:00
9.43,12.72,13.32,60.0,15.5,28.1,1003.1,2026-08-09 18:00:00
8.79,12.01,12.58,64.0,13.7,28.3,1004.3,2026-08-09 19:00:00
8.24,11.19,11.72,70.0,12.7,28.3,1005.3,2026-08-09 20:00:00
8.82,11.3,11.83,76.0,13.1,28.3,1006.0,2026-08-09 21:00:00
8.44,10.79,11.3,77.0,13.0,28.2,1006.2,2026-08-09 22:00:00
8.13,10.41,10.91,77.0,12.5,28.0,1005.8,2026-08-09 23:00:00
6.93,9.76,10.22,76.0,12.0,27.7,1005.4,2026-08-10 00:00:00
7.96,10.3,10.78,80.0,10.9,27.5,1005.3,2026-08-10 01:00:00
8.31,10.7,11.21,81.0,12.1,27.3,1004.3,2026-08-10 02:00:00
7.69,10.44,10.93,84.0,12.2,27.1,1004.0,2026-08-10 03:00:00
7.38,10.19,10.67,84.0,11.1,26.9,1004.3,2026-08-10 04:00:00
7.65,10.5,11.0,83.0,11.0,26.9,1004.2,2026-08-10 05:00:00
7.9,10.81,11.32,85.0,11.5,27.0,1004.5,2026-08-10 06:00:00
8.47,10.72,11.22,85.0,12.5,28.6,1005.4,2026-08-10 07:00:00
9.73,11.61,12.15,88.0,14.7,30.7,1005.8,2026-08-10 08:00:00
9.71,11.45,11.99,90.0,15.2,33.2,1005.9,2026-08-10 09:00:00
9.21,10.82,11.33,90.0,15.1,35.0,1005.6,2026-08-10 10:00:00
8.94,10.52,11.02,85.0,14.7,35.8,1005.1,2026-08-10 11:00:00
8.98,10.68,11.19,73.0,14.5,35.8,1004.2,2026-08-10 12:00:00
9.55,11.53,12.07,63.0,16.9,35.4,1003.9,2026-08-10 13:00:00
11.51,14.29,14.97,58.0,17.4,32.8,1003.1,2026-08-10 14:00:00
11.47,14.32,15.0,58.0,17.5,32.2,1002.8,2026-08-10 15:00:00
11.44,14.48,15.16,60.0,17.5,31.4,1002.5,2026-08-10 16:00:00
10.79,14.06,14.72,63.0,17.0,30.2,1002.7,2026-08-10 17:00:00
10.76,14.71,15.41,67.0,15.9,28.8,1003.4,2026-08-10 18:00:00
11.7,15.99,16.74,66.0,15.7,28.5,1004.5,2026-08-10 19:00:00
11.35,15.78,16.53,68.0,16.8,28.3,1005.5,2026-08-10 20:00:00
11.62,15.41,16.14,74.0,17.0,28.3,1006.1,2026-08-10 21:00:00
10.52,14.57,15.25,79.0,16.5,28.2,1006.7,2026-08-10 22:00:00
10.22,13.76,14.41,81.0,15.0,28.1,1006.2,2026-08-10 23:00:00
10.02,13.46,14.1,83.0,15.4,27.9,1005.6,2026-08-11 00:00:00
9.36,13.52,14.16,81.0,14.5,27.7,1005.5,2026-08-11 01:00:00
9.78,13.08,13.69,81.0,14.3,27.4,1004.9,2026-08-11 02:00:00
9.4,12.66,13.26,83.0,14.1,27.3,1004.5,2026-08-11 03:00:00
9.15,12.47,13.06,83.0,13.5,27.1,1004.4,2026-08-11 04:00:00
9.06,12.33,12.91,85.0,13.2,26.9,1004.8,2026-08-11 05:00:00
8.82,11.9,12.46,87.0,13.1,27.0,1005.2,2026-08-11 06:00:00
8.83,11.17,11.7,84.0,13.4,28.4,1006.2,2026-08-11 07:00:00
9.49,11.42,11.96,84.0,14.4,30.3,1006.2,2026-08-11 08:00:00
9.67,11.39,11.93,83.0,15.0,32.5,1006.1,2026-08-11 09:00:00
9.61,11.26,11.79,81.0,15.2,34.1,1005.7,2026-08-11 10:00:00
9.9,11.66,12.21,77.0,15.7,35.1,1004.8,2026-08-11 11:00:00
10.75,12.69,13.29,70.0,16.9,35.1,1003.7,2026-08-11 12:00:00
10.65,12.79,13.39,69.0,18.1,35.4,1003.4,2026-08-11 13:00:00
11.39,13.7,14.35,61.0,17.5,33.6,1002.3,2026-08-11 14:00:00
12.42,15.02,15.73,55.0,18.9,31.6,1001.9,2026-08-11 15:00:00
12.18,14.96,15.67,56.0,18.9,30.4,1001.7,2026-08-11 16:00:00
11.27,14.05,14.71,59.0,18.3,29.5,1002.0,2026-08-11 17:00:00
10.34,13.91,14.56,63.0,16.8,28.5,1002.5,2026-08-11 18:00:00
8.85,12.05,12.62,64.0,15.0,28.3,1004.0,2026-08-11 19:00:00
8.39,11.63,12.18,67.0,12.9,27.9,1004.5,2026-08-11 20:00:00
8.57,11.74,12.29,69.0,12.4,27.8,1005.1,2026-08-11 21:00:00
9.74,12.61,13.21,70.0,14.3,27.7,1005.5,2026-08-11 22:00:00
10.05,12.98,13.59,71.0,14.8,27.6,1005.2,2026-08-11 23:00:00
10.51,13.66,14.31,74.0,15.4,27.5,1004.4,2026-08-12 00:00:00
10.2,13.3,13.93,74.0,15.5,27.4,1004.0,2026-08-12 01:00:00
10.0,13.03,13.64,76.0,15.0,27.3,1003.2,2026-08-12 02:00:00
10.1,13.18,13.8,77.0,14.8,27.2,1002.6,2026-08-12 03:00:00
9.97,12.88,13.49,78.0,14.9,27.1,1002.7,2026-08-12 04:00:00
9.21,12.23,12.8,81.0,14.6,27.0,1002.9,2026-08-12 05:00:00
8.51,11.24,11.77,83.0,13.2,27.1,1003.3,2026-08-12 06:00:00
7.92,9.94,10.41,82.0,12.8,28.4,1004.3,2026-08-12 07:00:00
8.75,10.49,10.98,84.0,13.5,30.5,1004.8,2026-08-12 08:00:00
8.96,10.58,11.07,90.0,14.1,33.0,1004.4,2026-08-12 09:00:00
9.06,10.57,11.07,95.0,14.5,35.2,1003.9,2026-08-12 10:00:00
8.26,9.69,10.15,95.0,14.5,36.2,1003.1,2026-08-12 11:00:00
7.41,8.68,9.08,89.0,13.6,37.2,1002.0,2026-08-12 12:00:00
7.31,8.79,9.2,78.0,12.8,36.9,1002.0,2026-08-12 13:00:00
7.8,9.66,10.12,71.0,12.3,35.3,1000.9,2026-08-12 14:00:00
8.9,11.29,11.83,58.0,13.7,33.1,1000.4,2026-08-12 15:00:00
9.94,12.99,13.6,49.0,14.9,30.9,999.9,2026-08-12 16:00:00
10.79,14.61,15.3,49.0,16.0,29.5,1000.3,2026-08-12 17:00:00
10.39,14.61,15.3,57.0,16.1,28.8,1001.4,2026-08-12 18:00:00
9.64,13.26,13.88,61.0,14.9,28.7,1003.0,2026-08-12 19:00:00
8.14,11.04,11.57,67.0,13.7,28.6,1003.9,2026-08-12 20:00:00
7.91,10.28,10.77,76.0,11.8,28.9,1004.8,2026-08-12 21:00:00
8.6,11.09,11.61,80.0,12.6,28.9,1004.8,2026-08-12 22:00:00
8.73,11.22,11.75,79.0,12.7,28.4,1004.5,2026-08-12 23:00:00
8.91,11.41,11.95,79.0,13.1,28.1,1003.6,2026-08-13 00:00:00
9.2,11.9,12.46,78.0,13.2,27.9,1003.8,2026-08-13 01:00:00
9.12,11.85,12.41,79.0,13.4,27.7,1003.3,2026-08-13 02:00:00
8.79,11.42,11.96,82.0,13.4,27.5,1003.0,2026-08-13 03:00:00
8.67,11.3,11.83,80.0,12.9,27.3,1003.0,2026-08-13 04:00:00
8.76,11.7,12.25,79.0,12.7,27.1,1003.5,2026-08-13 05:00:00
9.35,12.27,12.85,82.0,13.4,27.2,1003.9,2026-08-13 06:00:00
9.23,11.87,12.43,79.0,14.3,28.5,1004.7,2026-08-13 07:00:00
9.11,11.09,11.62,83.0,14.2,30.9,1005.3,2026-08-13 08:00:00
8.97,10.66,11.17,85.0,14.1,33.3,1005.3,2026-08-13 09:00:00
9.02,10.69,11.19,79.0,14.3,34.7,1005.1,2026-08-13 10:00:00
10.4,12.33,12.91,66.0,16.2,34.6,1004.8,2026-08-13 11:00:00
11.11,13.24,13.87,61.0,17.5,34.2,1003.9,2026-08-13 12:00:00
10.29,12.36,12.95,60.0,17.4,35.0,1003.5,2026-08-13 13:00:00
11.67,14.32,15.0,54.0,17.8,33.7,1002.2,2026-08-13 14:00:00
11.08,13.66,14.3,61.0,18.1,33.7,1002.0,2026-08-13 15:00:00
10.89,13.53,14.17,60.0,17.0,32.7,1001.7,2026-08-13 16:00:00
10.62,13.72,14.37,61.0,16.6,31.2,1002.0,2026-08-13 17:00:00
9.51,12.82,13.42,65.0,15.8,29.8,1002.9,2026-08-13 18:00:00
9.73,13.41,14.04,72.0,13.8,29.3,1003.6,2026-08-13 19:00:00
9.57,13.05,13.67,77.0,14.1,29.1,1004.6,2026-08-13 20:00:00
10.18,13.57,14.21,81.0,14.7,28.9,1005.2,2026-08-13 21:00:00
9.57,13.17,13.79,83.0,14.6,28.8,1005.5,2026-08-13 22:00:00
9.78,13.75,14.4,81.0,13.8,28.5,1005.3,2026-08-13 23:00:00
9.76,13.8,14.45,80.0,15.5,27.9,1004.7,2026-08-14 00:00:00
10.44,13.58,14.22,82.0,14.8,27.6,1005.0,2026-08-14 01:00:00
10.39,13.48,14.11,84.0,15.4,27.4,1004.6,2026-08-14 02:00:00
9.36,12.56,13.15,86.0,14.8,27.3,1004.6,2026-08-14 03:00:00
9.33,12.58,13.17,85.0,13.5,27.3,1004.5,2026-08-14 04:00:00
9.49,12.73,13.33,85.0,13.7,27.1,1004.7,2026-08-14 05:00:00
9.89,13.18,13.8,84.0,14.2,27.2,1004.8,2026-08-14 06:00:00
10.43,13.13,13.75,81.0,15.4,28.3,1005.9,2026-08-14 07:00:00
11.14,13.47,14.11,84.0,16.7,30.4,1006.3,2026-08-14 08:00:00
11.57,13.69,14.33,83.0,17.7,32.5,1006.3,2026-08-14 09:00:00
11.71,13.76,14.41,83.0,18.1,33.9,1005.8,2026-08-14 10:00:00
12.28,14.44,15.13,76.0,18.9,34.6,1005.1,2026-08-14 11:00:00
13.06,15.34,16.06,74.0,20.0,35.0,1004.3,2026-08-14 12:00:00
13.43,15.86,16.61,71.0,21.5,34.6,1004.6,2026-08-14 13:00:00
13.08,15.65,16.39,67.0,20.5,33.1,1004.0,2026-08-14 14:00:00
13.49,16.1,16.86,67.0,20.5,32.1,1003.6,2026-08-14 15:00:00
13.33,16.15,16.91,67.0,20.5,31.1,1003.8,2026-08-14 16:00:00
13.47,16.67,17.45,70.0,20.1,30.3,1003.9,2026-08-14 17:00:00
11.75,15.18,15.9,72.0,19.8,28.8,1004.2,2026-08-14 18:00:00
11.78,16.07,16.83,70.0,17.1,28.9,1004.9,2026-08-14 19:00:00
11.75,16.23,17.0,70.0,17.1,28.4,1005.6,2026-08-14 20:00:00
12.62,16.32,17.09,74.0,19.0,28.4,1006.2,2026-08-14 21:00:00
12.66,16.25,17.02,77.0,18.8,28.2,1006.8,2026-08-14 22:00:00
11.55,15.04,15.75,78.0,18.2,27.9,1006.9,2026-08-14 23:00:00
10.94,14.59,15.27,79.0,16.7,27.8,1006.3,2026-08-15 00:00:00
11.0,14.28,14.95,76.0,15.7,27.7,1006.3,2026-08-15 01:00:00
10.44,13.75,14.4,76.0,15.7,27.4,1005.8,2026-08-15 02:00:00
9.92,13.1,13.72,79.0,15.0,27.3,1005.5,2026-08-15 03:00:00
9.55,12.7,13.3,78.0,14.3,27.0,1005.2,2026-08-15 04:00:00
9.34,12.56,13.15,78.0,13.7,26.8,1005.2,2026-08-15 05:00:00
8.82,11.9,12.47,77.0,13.4,26.9,1005.6,2026-08-15 06:00:00
8.24,10.44,10.93,76.0,13.9,28.1,1006.1,2026-08-15 07:00:00
8.98,10.83,11.34,76.0,13.7,29.8,1006.4,2026-08-15 08:00:00
9.74,11.6,12.14,77.0,15.2,31.8,1006.5,2026-08-15 09:00:00
9.57,11.32,11.85,74.0,15.4,32.5,1006.1,2026-08-15 10:00:00
9.67,11.56,12.1,59.0,15.3,32.2,1005.5,2026-08-15 11:00:00
10.75,12.89,13.5,51.0,16.8,31.8,1004.9,2026-08-15 12:00:00
11.04,13.54,14.18,45.0,17.6,31.4,1004.4,2026-08-15 13:00:00
11.49,14.08,14.74,42.0,17.8,30.5,1003.3,2026-08-15 14:00:00
10.95,13.68,14.33,41.0,17.8,29.8,1002.5,2026-08-15 15:00:00
10.76,13.65,14.3,43.0,16.9,29.2,1002.2,2026-08-15 16:00:00
10.08,13.14,13.76,48.0,16.4,28.7,1002.0,2026-08-15 17:00:00
8.7,12.0,12.57,50.0,15.1,27.9,1002.6,2026-08-15 18:00:00
7.29,10.73,11.23,50.0,12.8,27.8,1003.6,2026-08-15 19:00:00
6.94,10.16,10.64,50.0,10.5,27.5,1003.5,2026-08-15 20:00:00
6.22,9.59,10.04,47.0,10.1,27.1,1003.9,2026-08-15 21:00:00
6.12,9.93,10.4,47.0,9.2,26.9,1004.6,2026-08-15 22:00:00
6.87,9.45,9.89,52.0,9.9,27.0,1004.3,2026-08-15 23:00:00
6.26,8.59,8.99,64.0,10.3,27.2,1003.9,2026-08-16 00:00:00
5.39,7.48,7.84,78.0,9.3,27.4,1003.5,2026-08-16 01:00:00
5.01,6.81,7.13,84.0,8.1,27.5,1002.9,2026-08-16 02:00:00
4.81,6.5,6.81,86.0,7.2,27.3,1002.8,2026-08-16 03:00:00
4.18,6.23,6.52,81.0,6.9,26.9,1002.2,2026-08-16 04:00:00
5.07,7.11,7.45,81.0,7.3,26.9,1002.5,2026-08-16 05:00:00
5.73,7.84,8.21,79.0,8.1,27.1,1002.9,2026-08-16 06:00:00
6.12,7.78,8.14,76.0,10.2,28.2,1004.1,2026-08-16 07:00:00
7.82,9.41,9.86,81.0,12.1,30.2,1004.3,2026-08-16 08:00:00
8.11,9.59,10.04,95.0,12.9,33.1,1004.6,2026-08-16 09:00:00
8.61,10.14,10.62,100.0,15.0,35.5,1004.2,2026-08-16 10:00:00
9.08,10.82,11.33,79.0,14.9,35.5,1004.1,2026-08-16 11:00:00
11.04,13.06,13.68,74.0,17.3,35.1,1003.0,2026-08-16 12:00:00
10.89,12.89,13.5,61.0,17.4,34.1,1002.5,2026-08-16 13:00:00
11.2,13.38,14.02,68.0,17.3,34.3,1001.7,2026-08-16 14:00:00
11.67,14.04,14.71,70.0,18.2,33.3,1001.3,2026-08-16 15:00:00
10.97,13.19,13.81,75.0,18.0,32.8,1001.1,2026-08-16 16:00:00
10.51,13.0,13.62,75.0,16.7,31.7,1001.1,2026-08-16 17:00:00
9.45,12.39,12.98,77.0,15.6,30.5,1001.8,2026-08-16 18:00:00
9.92,13.42,14.05,76.0,13.8,29.2,1002.7,2026-08-16 19:00:00
9.88,13.42,14.05,76.0,14.6,28.6,1003.3,2026-08-16 20:00:00
9.75,13.18,13.8,78.0,14.3,28.3,1004.0,2026-08-16 21:00:00
10.63,13.62,14.26,80.0,15.6,28.1,1004.2,2026-08-16 22:00:00
10.7,13.74,14.38,82.0,15.9,28.0,1004.4,2026-08-16 23:00:00
10.2,13.1,13.72,83.0,15.6,27.8,1004.2,2026-08-17 00:00:00
9.87,12.73,13.33,81.0,15.0,27.6,1004.0,2026-08-17 01:00:00
9.07,11.66,12.21,81.0,14.4,27.3,1003.8,2026-08-17 02:00:00
9.31,11.93,12.49,83.0,13.6,27.3,1004.0,2026-08-17 03:00:00
8.61,11.44,11.98,86.0,13.6,27.2,1003.8,2026-08-17 04:00:00
8.49,11.27,11.8,84.0,12.7,27.2,1004.0,2026-08-17 05:00:00
8.4,11.22,11.75,84.0,12.4,27.1,1004.1,2026-08-17 06:00:00
8.62,10.93,11.44,78.0,12.7,28.2,1005.1,2026-08-17 07:00:00
9.05,10.9,11.41,77.0,13.9,29.7,1005.4,2026-08-17 08:00:00
8.86,10.57,11.07,76.0,14.1,31.6,1005.5,2026-08-17 09:00:00
8.9,10.48,10.98,67.0,14.1,32.6,1005.2,2026-08-17 10:00:00
9.76,11.53,12.08,57.0,15.4,33.1,1004.7,2026-08-17 11:00:00
11.63,13.95,14.6,50.0,17.9,32.4,1004.6,2026-08-17 12:00:00
11.92,14.45,15.13,49.0,18.9,32.1,1004.6,2026-08-17 13:00:00
11.23,13.93,14.59,47.0,18.1,31.2,1003.8,2026-08-17 14:00:00
11.54,14.44,15.12,45.0,17.6,30.3,1003.1,2026-08-17 15:00:00
11.16,14.27,14.94,46.0,17.6,29.4,1002.8,2026-08-17 16:00:00
10.19,13.32,13.95,52.0,16.8,28.8,1002.9,2026-08-17 17:00:00
9.47,12.98,13.59,58.0,15.2,28.2,1003.7,2026-08-17 18:00:00
8.43,11.9,12.46,58.0,13.8,28.1,1005.3,2026-08-17 19:00:00
7.99,11.31,11.85,63.0,12.2,28.1,1006.1,2026-08-17 20:00:00
7.98,10.62,11.12,69.0,11.6,28.1,1006.8,2026-08-17 21:00:00
7.91,10.27,10.76,75.0,12.2,28.1,1006.9,2026-08-17 22:00:00
8.14,10.5,10.99,80.0,12.0,28.1,1006.8,2026-08-17 23:00:00
7.94,10.6,11.1,78.0,12.1,27.9,1006.2,2026-08-18 00:00:00
6.82,9.92,10.39,71.0,11.4,27.4,1005.8,2026-08-18 01:00:00
7.09,9.5,9.94,73.0,10.2,27.2,1005.6,2026-08-18 02:00:00
6.59,8.7,9.11,76.0,10.7,27.1,1005.3,2026-08-18 03:00:00
5.82,7.88,8.26,76.0,9.7,27.1,1005.4,2026-08-18 04:00:00
6.05,8.2,8.59,79.0,8.9,27.0,1005.7,2026-08-18 05:00:00
5.82,7.78,8.15,80.0,8.9,27.0,1005.7,2026-08-18 06:00:00
6.59,8.59,9.0,76.0,9.4,28.3,1006.4,2026-08-18 07:00:00
7.23,8.7,9.11,73.0,11.4,29.9,1006.9,2026-08-18 08:00:00
7.63,9.04,9.46,70.0,12.4,31.4,1007.2,2026-08-18 09:00:00
7.81,9.24,9.68,62.0,13.2,32.4,1006.7,2026-08-18 10:00:00
9.55,11.36,11.89,48.0,14.8,31.7,1006.3,2026-08-18 11:00:00
11.53,13.79,14.44,52.0,17.9,31.7,1005.6,2026-08-18 12:00:00
11.17,13.89,14.55,44.0,17.7,30.7,1005.7,2026-08-18 13:00:00
11.23,13.97,14.63,43.0,17.5,30.4,1004.6,2026-08-18 14:00:00
10.62,13.34,13.97,47.0,17.4,30.1,1003.7,2026-08-18 15:00:00
9.7,12.32,12.9,53.0,16.4,29.8,1003.3,2026-08-18 16:00:00
8.92,11.58,12.13,59.0,14.9,29.4,1003.5,2026-08-18 17:00:00
8.39,11.46,12.01,63.0,13.4,28.7,1004.0,2026-08-18 18:00:00
8.05,11.72,12.27,61.0,12.3,27.9,1004.9,2026-08-18 19:00:00
7.72,11.25,11.78,63.0,11.5,27.8,1005.5,2026-08-18 20:00:00
7.56,10.77,11.28,64.0,11.1,27.7,1006.0,2026-08-18 21:00:00
8.07,10.63,11.14,71.0,12.0,27.6,1006.3,2026-08-18 22:00:00
8.07,10.66,11.17,72.0,11.9,27.5,1006.0,2026-08-18 23:00:00
8.43,11.1,11.62,73.0,12.3,27.3,1005.2,2026-08-19 00:00:00
8.41,11.02,11.54,76.0,12.5,27.3,1005.0,2026-08-19 01:00:00
8.26,10.93,11.45,79.0,12.4,27.3,1004.3,2026-08-19 02:00:00
7.7,10.42,10.91,81.0,11.8,27.2,1003.7,2026-08-19 03:00:00
7.33,10.04,10.52,84.0,11.0,27.0,1003.7,2026-08-19 04:00:00
7.26,10.01,10.48,83.0,10.6,26.9,1003.8,2026-08-19 05:00:00
7.34,10.05,10.52,84.0,10.5,26.9,1003.6,2026-08-19 06:00:00
6.94,8.87,9.29,84.0,11.4,28.5,1004.0,2026-08-19 07:00:00
7.59,9.08,9.5,87.0,11.8,30.4,1004.4,2026-08-19 08:00:00
7.9,9.36,9.8,91.0,12.6,32.9,1004.4,2026-08-19 09:00:00
8.2,9.71,10.17,93.0,13.3,35.0,1004.2,2026-08-19 10:00:00
8.08,9.66,10.11,88.0,13.4,36.1,1003.5,2026-08-19 11:00:00
8.56,10.43,10.93,72.0,13.8,35.7,1002.8,2026-08-19 12:00:00
8.73,10.72,11.22,70.0,14.8,35.7,1002.4,2026-08-19 13:00:00
9.95,12.69,13.29,59.0,15.2,32.3,1001.8,2026-08-19 14:00:00
11.75,14.96,15.67,52.0,17.8,30.5,1001.7,2026-08-19 15:00:00
11.01,14.49,15.17,52.0,17.6,29.7,1001.6,2026-08-19 16:00:00
9.41,12.52,13.11,58.0,16.4,29.2,1002.3,2026-08-19 17:00:00
8.4,11.68,12.23,63.0,13.9,28.4,1003.0,2026-08-19 18:00:00
8.33,11.75,12.3,63.0,12.2,28.7,1003.5,2026-08-19 19:00:00
8.81,12.56,13.16,66.0,12.6,28.3,1004.2,2026-08-19 20:00:00
9.77,13.84,14.49,72.0,14.3,28.2,1004.8,2026-08-19 21:00:00
9.93,14.4,15.08,77.0,14.2,28.1,1005.3,2026-08-19 22:00:00
10.15,14.69,15.39,80.0,15.6,28.0,1005.1,2026-08-19 23:00:00
9.35,13.84,14.49,80.0,14.3,27.9,1004.5,2026-08-20 00:00:00
8.87,13.35,13.98,80.0,14.3,27.8,1004.7,2026-08-20 01:00:00
9.06,12.28,12.86,85.0,13.2,27.7,1004.1,2026-08-20 02:00:00
8.67,11.8,12.36,88.0,13.1,27.7,1003.9,2026-08-20 03:00:00
8.46,11.5,12.04,90.0,12.5,27.7,1004.0,2026-08-20 04:00:00
8.42,11.55,12.1,89.0,12.3,27.5,1003.9,2026-08-20 05:00:00
8.06,11.11,11.64,89.0,12.2,27.5,1004.2,2026-08-20 06:00:00
8.39,10.79,11.29,84.0,12.8,28.7,1005.0,2026-08-20 07:00:00
9.75,11.68,12.23,86.0,14.8,30.7,1005.4,2026-08-20 08:00:00
10.0,11.79,12.35,90.0,15.5,33.1,1005.3,2026-08-20 09:00:00
10.1,11.9,12.46,92.0,15.9,35.1,1005.0,2026-08-20 10:00:00
9.89,11.56,12.11,87.0,16.0,36.2,1004.4,2026-08-20 11:00:00
10.21,12.04,12.61,78.0,16.1,36.2,1003.4,2026-08-20 12:00:00
10.94,13.02,13.63,67.0,17.9,35.1,1003.2,2026-08-20 13:00:00
11.34,14.1,14.77,63.0,17.1,32.5,1002.5,2026-08-20 14:00:00
11.82,14.54,15.23,65.0,18.3,32.0,1002.2,2026-08-20 15:00:00
10.76,13.79,14.44,66.0,17.6,31.2,1002.0,2026-08-20 16:00:00
9.54,12.86,13.47,64.0,16.0,29.9,1002.5,2026-08-20 17:00:00
9.23,12.76,13.36,71.0,14.1,29.0,1003.1,2026-08-20 18:00:00
9.82,13.75,14.4,69.0,14.7,28.9,1003.8,2026-08-20 19:00:00
9.6,13.39,14.02,71.0,14.4,28.7,1004.9,2026-08-20 20:00:00
10.08,13.36,13.99,71.0,14.5,28.5,1005.6,2026-08-20 21:00:00
10.47,13.58,14.22,72.0,15.7,28.1,1005.9,2026-08-20 22:00:00
10.67,13.76,14.41,78.0,15.7,28.1,1005.8,2026-08-20 23:00:00
10.7,13.72,14.37,82.0,15.7,28.1,1005.3,2026-08-21 00:00:00
10.39,13.39,14.02,81.0,15.7,27.9,1005.0,2026-08-21 01:00:00
9.79,12.59,13.18,82.0,15.2,27.9,1004.5,2026-08-21 02:00:00
8.86,11.63,12.18,86.0,14.3,27.7,1004.7,2026-08-21 03:00:00
8.19,10.89,11.4,86.0,13.0,27.6,1004.6,2026-08-21 04:00:00
7.42,10.05,10.52,87.0,11.8,27.5,1005.0,2026-08-21 05:00:00
7.83,10.32,10.81,85.0,11.1,27.6,1004.9,2026-08-21 06:00:00
8.15,10.11,10.59,83.0,12.8,28.7,1005.8,2026-08-21 07:00:00
9.27,11.1,11.62,85.0,14.0,30.7,1006.1,2026-08-21 08:00:00
10.26,12.14,12.71,89.0,15.8,33.1,1006.2,2026-08-21 09:00:00
9.91,11.6,12.15,89.0,16.1,34.5,1005.9,2026-08-21 10:00:00
9.97,11.68,12.24,85.0,15.8,35.6,1005.5,2026-08-21 11:00:00
9.84,11.58,12.12,78.0,15.8,35.0,1004.7,2026-08-21 12:00:00
11.47,13.55,14.19,66.0,16.4,33.4,1004.5,2026-08-21 13:00:00
11.48,13.65,14.29,65.0,17.4,32.6,1003.4,2026-08-21 14:00:00
11.41,13.78,14.43,65.0,17.9,31.7,1002.9,2026-08-21 15:00:00
10.96,13.34,13.97,67.0,17.6,31.2,1002.7,2026-08-21 16:00:00
11.46,14.26,14.93,70.0,16.9,30.1,1003.2,2026-08-21 17:00:00
10.89,14.29,14.96,73.0,16.9,29.1,1003.8,2026-08-21 18:00:00
10.03,13.0,13.61,74.0,15.8,28.1,1005.4,2026-08-21 19:00:00
9.55,12.8,13.4,74.0,14.9,28.0,1005.7,2026-08-21 20:00:00
9.83,12.87,13.47,78.0,14.2,27.9,1006.2,2026-08-21 21:00:00
9.31,12.32,12.9,76.0,14.0,27.5,1006.3,2026-08-21 22:00:00
9.6,12.68,13.28,76.0,13.7,27.3,1006.0,2026-08-21 23:00:00
9.36,12.35,12.93,79.0,13.8,27.3,1005.5,2026-08-22 00:00:00
9.19,12.1,12.67,78.0,13.4,27.2,1005.2,2026-08-22 01:00:00
8.73,11.61,12.16,81.0,13.1,27.1,1005.1,2026-08-22 02:00:00
8.34,11.56,12.1,82.0,12.5,27.0,1005.0,2026-08-22 03:00:00
8.13,11.27,11.8,80.0,12.1,27.0,1004.8,2026-08-22 04:00:00
7.99,11.0,11.52,80.0,11.7,26.9,1005.0,2026-08-22 05:00:00
7.7,10.47,10.97,81.0,11.5,26.9,1005.1,2026-08-22 06:00:00
7.7,9.69,10.15,82.0,12.0,27.8,1005.9,2026-08-22 07:00:00
8.29,10.01,10.48,80.0,12.6,29.2,1006.3,2026-08-22 08:00:00
8.19,9.73,10.19,76.0,12.9,30.8,1006.2,2026-08-22 09:00:00
7.98,9.42,9.86,73.0,12.8,32.3,1005.8,2026-08-22 10:00:00
8.66,10.32,10.81,51.0,13.6,31.9,1005.0,2026-08-22 11:00:00
9.72,11.77,12.33,56.0,15.3,33.1,1003.8,2026-08-22 12:00:00
11.24,13.7,14.34,50.0,15.6,32.5,1003.5,2026-08-22 13:00:00
11.58,14.45,15.14,53.0,18.0,31.3,1003.0,2026-08-22 14:00:00
10.56,13.16,13.78,54.0,17.6,31.0,1001.9,2026-08-22 15:00:00
9.3,11.83,12.39,53.0,16.1,29.9,1002.0,2026-08-22 16:00:00
9.12,12.1,12.67,55.0,14.2,29.0,1002.1,2026-08-22 17:00:00
8.39,11.56,12.1,57.0,13.6,28.1,1002.9,2026-08-22 18:00:00
8.01,10.77,11.28,62.0,12.2,28.0,1004.3,2026-08-22 19:00:00
7.33,9.81,10.28,65.0,11.6,27.8,1005.0,2026-08-22 20:00:00
7.68,9.79,10.26,74.0,11.6,28.0,1005.5,2026-08-22 21:00:00
7.61,9.73,10.19,74.0,11.4,28.0,1005.6,2026-08-22 22:00:00
7.87,10.04,10.51,68.0,11.5,27.7,1005.3,2026-08-22 23:00:00
8.21,10.58,11.08,66.0,12.0,27.4,1004.9,2026-08-23 00:00:00
8.34,10.8,11.31,66.0,12.2,27.2,1005.3,2026-08-23 01:00:00
8.46,10.8,11.31,69.0,12.5,27.2,1004.7,2026-08-23 02:00:00
8.27,10.75,11.25,73.0,12.4,27.1,1004.1,2026-08-23 03:00:00
7.39,10.07,10.55,75.0,12.1,27.2,1004.2,2026-08-23 04:00:00
7.23,9.91,10.38,78.0,10.7,27.2,1004.7,2026-08-23 05:00:00
7.17,9.53,9.98,81.0,10.4,27.5,1004.7,2026-08-23 06:00:00
6.8,8.58,8.99,76.0,11.7,28.7,1005.2,2026-08-23 07:00:00
7.56,9.04,9.46,81.0,11.9,30.4,1005.3,2026-08-23 08:00:00
7.7,9.02,9.45,92.0,12.4,33.3,1005.3,2026-08-23 09:00:00
7.12,8.34,8.73,96.0,12.7,34.9,1005.3,2026-08-23 10:00:00
6.6,7.8,8.17,90.0,12.4,35.6,1004.7,2026-08-23 11:00:00
6.89,8.28,8.67,68.0,11.8,34.5,1003.9,2026-08-23 12:00:00
8.92,10.76,11.27,56.0,15.4,33.8,1003.4,2026-08-23 13:00:00
10.01,12.2,12.77,58.0,15.3,31.7,1002.2,2026-08-23 14:00:00
9.62,11.82,12.38,61.0,15.3,31.5,1002.0,2026-08-23 15:00:00
9.48,11.89,12.45,59.0,14.6,30.7,1002.3,2026-08-23 16:00:00
9.17,11.69,12.24,65.0,14.5,29.9,1002.9,2026-08-23 17:00:00
7.32,10.09,10.57,71.0,13.4,29.0,1003.7,2026-08-23 18:00:00
6.82,9.19,9.62,67.0,10.4,29.1,1004.5,2026-08-23 19:00:00
6.33,8.64,9.05,66.0,10.0,28.8,1005.1,2026-08-23 20:00:00
6.01,8.14,8.52,71.0,9.4,28.7,1005.8,2026-08-23 21:00:00
5.55,7.45,7.8,76.0,8.8,28.6,1006.0,2026-08-23 22:00:00
5.67,7.37,7.72,78.0,8.3,28.5,1005.7,2026-08-23 23:00:00
5.77,7.45,7.8,79.0,8.7,28.3,1005.0,2026-08-24 00:00:00
5.99,7.77,8.13,72.0,8.5,27.6,1005.3,2026-08-24 01:00:00
6.36,8.16,8.54,75.0,9.2,27.4,1004.8,2026-08-24 02:00:00
6.66,8.58,8.99,75.0,9.7,27.3,1004.5,2026-08-24 03:00:00
6.94,8.96,9.38,80.0,10.1,27.1,1004.5,2026-08-24 04:00:00
6.82,9.01,9.44,82.0,10.2,27.0,1004.5,2026-08-24 05:00:00
7.38,9.65,10.1,80.0,10.4,27.1,1004.3,2026-08-24 06:00:00
8.06,9.89,10.36,80.0,11.9,28.5,1005.1,2026-08-24 07:00:00
8.89,10.39,10.88,80.0,13.6,30.3,1005.5,2026-08-24 08:00:00
8.72,10.1,10.58,81.0,13.9,32.4,1005.5,2026-08-24 09:00:00
9.07,10.43,10.92,78.0,14.4,34.0,1004.8,2026-08-24 10:00:00
9.9,11.44,11.97,72.0,15.7,34.8,1004.1,2026-08-24 11:00:00
11.22,12.98,13.59,71.0,17.4,35.2,1003.3,2026-08-24 12:00:00
10.84,12.67,13.27,70.0,17.8,35.5,1002.9,2026-08-24 13:00:00
10.32,12.24,12.82,70.0,16.9,34.4,1002.4,2026-08-24 14:00:00
10.52,12.45,13.03,69.0,16.4,33.7,1001.8,2026-08-24 15:00:00
10.89,13.2,13.82,67.0,16.9,32.5,1001.4,2026-08-24 16:00:00
10.78,13.41,14.04,67.0,16.8,31.1,1001.5,2026-08-24 17:00:00
9.97,12.79,13.39,69.0,16.3,29.6,1001.9,2026-08-24 18:00:00
9.23,11.96,12.52,72.0,14.7,28.9,1003.1,2026-08-24 19:00:00
9.43,12.23,12.81,74.0,13.6,28.8,1003.7,2026-08-24 20:00:00
9.83,12.79,13.4,77.0,14.1,28.7,1004.3,2026-08-24 21:00:00
9.92,12.9,13.51,80.0,14.4,28.6,1004.8,2026-08-24 22:00:00
9.78,12.78,13.38,85.0,14.3,28.5,1004.5,2026-08-24 23:00:00
9.49,12.6,13.2,86.0,14.1,28.2,1003.9,2026-08-25 00:00:00
9.07,12.14,12.72,84.0,13.9,27.9,1004.0,2026-08-25 01:00:00
9.02,12.09,12.66,84.0,13.3,27.7,1003.5,2026-08-25 02:00:00
9.3,12.32,12.91,85.0,13.4,27.4,1003.0,2026-08-25 03:00:00
9.18,12.2,12.78,87.0,13.4,27.3,1003.0,2026-08-25 04:00:00
8.67,11.61,12.15,88.0,13.3,27.2,1003.7,2026-08-25 05:00:00
8.32,11.12,11.64,88.0,12.5,27.3,1004.2,2026-08-25 06:00:00
8.77,10.73,11.24,88.0,13.2,28.7,1005.0,2026-08-25 07:00:00
9.73,11.38,11.91,87.0,14.7,30.5,1005.4,2026-08-25 08:00:00
10.51,12.17,12.75,85.0,16.1,32.6,1005.3,2026-08-25 09:00:00
10.56,12.21,12.78,84.0,16.6,34.3,1005.1,2026-08-25 10:00:00
10.58,12.21,12.79,80.0,17.1,35.4,1004.4,2026-08-25 11:00:00
11.05,12.79,13.4,75.0,17.4,35.7,1003.3,2026-08-25 12:00:00
11.4,13.34,13.97,69.0,18.9,35.6,1003.0,2026-08-25 13:00:00
12.31,14.67,15.36,63.0,18.6,33.4,1002.4,2026-08-25 14:00:00
12.55,15.15,15.86,64.0,19.4,32.4,1001.5,2026-08-25 15:00:00
12.38,15.11,15.82,63.0,19.0,31.3,1001.3,2026-08-25 16:00:00
11.65,14.43,15.11,64.0,18.6,30.2,1001.6,2026-08-25 17:00:00
10.83,13.75,14.4,67.0,17.2,29.0,1001.9,2026-08-25 18:00:00
10.56,13.52,14.16,67.0,15.7,28.8,1003.1,2026-08-25 19:00:00
11.21,14.4,15.08,69.0,16.3,28.5,1003.9,2026-08-25 20:00:00
11.49,14.8,15.5,70.0,16.8,28.2,1004.6,2026-08-25 21:00:00
10.63,13.83,14.48,76.0,16.6,28.1,1005.1,2026-08-25 22:00:00
9.86,12.65,13.25,79.0,15.4,27.9,1004.9,2026-08-25 23:00:00
9.49,12.42,13.01,81.0,14.2,27.9,1004.0,2026-08-26 00:00:00
9.97,13.12,13.74,81.0,13.8,27.7,1004.2,2026-08-26 01:00:00
10.12,13.3,13.93,83.0,14.6,27.5,1003.6,2026-08-26 02:00:00
9.98,13.08,13.7,84.0,14.7,27.3,1003.0,2026-08-26 03:00:00
9.68,12.78,13.38,85.0,14.4,27.1,1002.9,2026-08-26 04:00:00
9.6,12.71,13.31,83.0,14.0,27.0,1003.2,2026-08-26 05:00:00
9.28,12.2,12.78,87.0,13.9,27.1,1003.6,2026-08-26 06:00:00
10.09,12.36,12.95,82.0,14.1,28.6,1004.3,2026-08-26 07:00:00
10.68,12.63,13.23,84.0,16.1,30.6,1004.8,2026-08-26 08:00:00
10.46,12.23,12.81,89.0,16.3,32.9,1004.9,2026-08-26 09:00:00
10.81,12.56,13.16,86.0,16.8,34.4,1004.5,2026-08-26 10:00:00
11.17,12.94,13.55,81.0,17.5,35.2,1004.1,2026-08-26 11:00:00
11.45,13.34,13.97,77.0,17.8,35.8,1003.1,2026-08-26 12:00:00
12.7,14.76,15.46,69.0,18.9,34.8,1003.1,2026-08-26 13:00:00
12.34,14.64,15.33,69.0,19.5,33.8,1002.4,2026-08-26 14:00:00
12.52,14.9,15.6,66.0,19.2,32.8,1001.7,2026-08-26 15:00:00
13.06,15.76,16.5,67.0,19.8,31.7,1001.5,2026-08-26 16:00:00
12.92,15.87,16.62,70.0,19.8,30.6,1001.6,2026-08-26 17:00:00
12.17,15.2,15.92,73.0,19.2,29.4,1002.3,2026-08-26 18:00:00
11.69,14.79,15.49,74.0,17.8,28.9,1003.1,2026-08-26 19:00:00
11.01,14.05,14.71,78.0,17.1,28.7,1003.9,2026-08-26 20:00:00
10.95,14.01,14.67,81.0,16.1,28.4,1004.1,2026-08-26 21:00:00
9.94,12.95,13.56,86.0,15.8,28.3,1004.5,2026-08-26 22:00:00
9.28,12.25,12.83,87.0,14.4,28.1,1004.5,2026-08-26 23:00:00
8.83,11.72,12.27,84.0,13.4,27.9,1004.0,2026-08-27 00:00:00
8.95,11.59,12.14,83.0,13.0,27.8,1003.9,2026-08-27 01:00:00
8.55,11.1,11.63,83.0,13.0,27.4,1003.2,2026-08-27 02:00:00
8.55,11.34,11.87,86.0,12.5,27.5,1003.2,2026-08-27 03:00:00
8.42,11.07,11.59,84.0,12.4,27.3,1003.3,2026-08-27 04:00:00
8.47,11.16,11.69,82.0,12.2,27.0,1003.5,2026-08-27 05:00:00
8.46,10.95,11.46,83.0,12.2,26.9,1003.6,2026-08-27 06:00:00
9.32,11.42,11.96,79.0,13.0,28.2,1004.2,2026-08-27 07:00:00
10.42,12.29,12.87,81.0,15.5,30.4,1004.8,2026-08-27 08:00:00
10.84,12.68,13.28,82.0,16.8,32.5,1004.7,2026-08-27 09:00:00
10.94,12.7,13.29,75.0,17.0,33.6,1004.2,2026-08-27 10:00:00
11.36,13.26,13.88,70.0,17.6,34.1,1003.8,2026-08-27 11:00:00
11.88,13.86,14.52,68.0,18.5,34.2,1002.9,2026-08-27 12:00:00
11.72,13.82,14.47,65.0,19.1,34.1,1002.7,2026-08-27 13:00:00
11.91,14.21,14.88,62.0,18.2,32.6,1002.2,2026-08-27 14:00:00
11.52,13.77,14.42,66.0,18.5,31.8,1001.4,2026-08-27 15:00:00
11.38,13.72,14.36,65.0,17.7,30.9,1001.1,2026-08-27 16:00:00
11.05,13.57,14.21,66.0,17.2,30.1,1001.2,2026-08-27 17:00:00
10.34,13.27,13.89,68.0,16.4,28.8,1001.5,2026-08-27 18:00:00
10.71,13.18,13.8,72.0,15.0,28.7,1002.7,2026-08-27 19:00:00
9.98,12.67,13.27,72.0,15.2,28.5,1003.1,2026-08-27 20:00:00
9.44,12.02,12.59,72.0,14.7,28.3,1003.7,2026-08-27 21:00:00
9.45,12.13,12.7,71.0,13.9,28.1,1004.0,2026-08-27 22:00:00
9.65,12.33,12.91,72.0,14.1,27.9,1004.0,2026-08-27 23:00:00
9.24,11.88,12.44,75.0,14.1,27.8,1003.6,2026-08-28 00:00:00
9.34,11.86,12.42,73.0,13.6,27.7,1003.8,2026-08-28 01:00:00
8.54,10.9,11.42,74.0,13.7,27.2,1003.2,2026-08-28 02:00:00
8.11,10.59,11.09,77.0,12.4,27.2,1003.0,2026-08-28 03:00:00
7.5,9.87,10.34,81.0,11.8,27.2,1003.2,2026-08-28 04:00:00
7.57,9.88,10.34,81.0,11.3,27.2,1003.5,2026-08-28 05:00:00
7.81,10.2,10.68,81.0,11.2,27.2,1003.6,2026-08-28 06:00:00
8.35,10.33,10.82,76.0,12.8,28.2,1004.6,2026-08-28 07:00:00
8.98,10.67,11.18,77.0,13.8,30.1,1004.9,2026-08-28 08:00:00
9.12,10.64,11.14,82.0,14.5,32.4,1005.2,2026-08-28 09:00:00
8.75,10.2,10.68,77.0,14.4,33.9,1004.8,2026-08-28 10:00:00
9.32,10.87,11.39,67.0,14.9,34.3,1004.1,2026-08-28 11:00:00
10.32,12.13,12.7,61.0,16.2,34.2,1003.2,2026-08-28 12:00:00
11.68,13.89,14.55,52.0,18.1,33.1,1002.9,2026-08-28 13:00:00
12.02,14.53,15.22,50.0,18.1,30.8,1002.1,2026-08-28 14:00:00
11.57,14.04,14.71,57.0,18.2,30.7,1001.2,2026-08-28 15:00:00
10.62,13.05,13.66,59.0,17.5,30.2,1001.0,2026-08-28 16:00:00
10.34,12.88,13.49,63.0,15.9,29.4,1001.2,2026-08-28 17:00:00
9.42,12.35,12.93,66.0,15.2,28.4,1001.6,2026-08-28 18:00:00
9.03,11.53,12.07,71.0,14.2,28.4,1002.5,2026-08-28 19:00:00
8.45,10.71,11.22,75.0,13.2,28.3,1003.3,2026-08-28 20:00:00
8.02,10.31,10.8,75.0,12.4,28.3,1004.1,2026-08-28 21:00:00
8.1,10.34,10.83,76.0,11.9,28.3,1004.5,2026-08-28 22:00:00
8.5,10.89,11.4,77.0,12.8,28.2,1004.5,2026-08-28 23:00:00
8.7,11.18,11.71,76.0,12.8,28.0,1004.1,2026-08-29 00:00:00
9.11,11.64,12.19,75.0,12.9,27.8,1003.9,2026-08-29 01:00:00
8.56,10.98,11.5,75.0,13.4,27.6,1003.3,2026-08-29 02:00:00
8.2,10.6,11.1,78.0,12.6,27.5,1003.1,2026-08-29 03:00:00
8.21,10.76,11.27,81.0,12.1,27.4,1003.0,2026-08-29 04:00:00
7.98,10.59,11.09,82.0,11.8,27.2,1003.6,2026-08-29 05:00:00
7.72,10.17,10.65,83.0,11.6,27.3,1003.9,2026-08-29 06:00:00
7.72,9.62,10.07,78.0,11.7,28.5,1004.3,2026-08-29 07:00:00
8.86,10.55,11.05,81.0,13.5,30.4,1004.8,2026-08-29 08:00:00
8.9,10.45,10.95,86.0,14.3,32.9,1004.8,2026-08-29 09:00:00
7.9,9.32,9.76,78.0,14.1,33.9,1004.5,2026-08-29 10:00:00
10.32,12.18,12.76,53.0,15.9,32.8,1004.4,2026-08-29 11:00:00
11.76,13.85,14.5,53.0,18.4,32.7,1003.5,2026-08-29 12:00:00
8.61,10.1,10.58,61.0,18.2,33.7,1003.0,2026-08-29 13:00:00
9.51,11.45,11.99,50.0,14.9,32.2,1002.2,2026-08-29 14:00:00
10.85,13.2,13.82,44.0,16.5,30.9,1001.2,2026-08-29 15:00:00
10.9,13.59,14.23,43.0,17.1,29.5,1001.3,2026-08-29 16:00:00
9.56,12.2,12.78,46.0,16.5,28.7,1001.6,2026-08-29 17:00:00
8.69,11.53,12.07,53.0,14.4,28.1,1002.4,2026-08-29 18:00:00
8.88,12.01,12.57,58.0,12.8,28.3,1002.9,2026-08-29 19:00:00
8.68,11.73,12.28,64.0,12.9,28.2,1003.7,2026-08-29 20:00:00
9.62,12.34,12.92,69.0,14.0,28.4,1004.4,2026-08-29 21:00:00
10.25,13.12,13.73,72.0,15.0,28.5,1004.8,2026-08-29 22:00:00
10.36,13.28,13.9,75.0,15.5,28.4,1005.0,2026-08-29 23:00:00
9.94,12.81,13.41,78.0,15.2,28.2,1004.9,2026-08-30 00:00:00
9.66,12.39,12.97,75.0,14.6,28.0,1004.7,2026-08-30 01:00:00
8.75,11.27,11.8,75.0,14.1,27.6,1004.1,2026-08-30 02:00:00
8.27,10.78,11.29,77.0,12.7,27.2,1003.7,2026-08-30 03:00:00
7.74,10.25,10.73,80.0,11.9,27.1,1003.5,2026-08-30 04:00:00
6.78,9.26,9.69,82.0,11.1,27.0,1003.5,2026-08-30 05:00:00
5.96,8.31,8.7,82.0,9.7,27.1,1003.7,2026-08-30 06:00:00
6.55,8.1,8.48,76.0,10.3,28.2,1004.2,2026-08-30 07:00:00
7.44,8.75,9.17,72.0,11.7,29.8,1004.6,2026-08-30 08:00:00
7.86,9.1,9.53,77.0,12.6,32.0,1005.0,2026-08-30 09:00:00
7.8,9.09,9.52,72.0,12.8,33.3,1004.7,2026-08-30 10:00:00
9.4,11.02,11.54,61.0,14.8,33.7,1004.3,2026-08-30 11:00:00
11.31,13.33,13.96,50.0,17.6,32.6,1003.4,2026-08-30 12:00:00
11.63,14.06,14.72,46.0,18.7,31.8,1003.7,2026-08-30 13:00:00
12.29,15.27,15.99,46.0,18.5,30.4,1002.8,2026-08-30 14:00:00
11.3,13.95,14.61,52.0,18.6,30.4,1002.2,2026-08-30 15:00:00
10.48,12.87,13.47,54.0,17.2,30.0,1001.9,2026-08-30 16:00:00
9.46,11.85,12.4,58.0,15.9,29.3,1002.0,2026-08-30 17:00:00
8.13,10.94,11.46,64.0,14.1,28.6,1002.7,2026-08-30 18:00:00
8.27,11.0,11.52,72.0,11.9,29.3,1003.2,2026-08-30 19:00:00
7.45,9.84,10.3,75.0,12.0,29.1,1003.6,2026-08-30 20:00:00
6.91,9.2,9.63,80.0,10.9,29.0,1004.2,2026-08-30 21:00:00
6.75,8.79,9.21,86.0,10.1,28.9,1004.4,2026-08-30 22:00:00
6.06,8.09,8.47,90.0,9.9,28.6,1004.0,2026-08-30 23:00:00
5.83,7.86,8.23,86.0,8.8,28.4,1003.3,2026-08-31 00:00:00
6.39,8.96,9.38,76.0,8.5,27.9,1002.7,2026-08-31 01:00:00
6.64,9.02,9.44,77.0,9.8,27.7,1002.6,2026-08-31 02:00:00
7.04,9.22,9.66,75.0,10.3,27.5,1002.6,2026-08-31 03:00:00
7.38,9.67,10.13,74.0,10.8,27.4,1002.6,2026-08-31 04:00:00
7.01,9.56,10.01,77.0,10.9,27.3,1003.2,2026-08-31 05:00:00
7.35,9.78,10.24,79.0,10.5,27.3,1003.2,2026-08-31 06:00:00
7.85,9.73,10.19,79.0,11.6,28.5,1003.8,2026-08-31 07:00:00
8.36,9.97,10.44,83.0,12.9,30.6,1004.4,2026-08-31 08:00:00
8.16,9.55,10.0,91.0,13.3,33.2,1004.5,2026-08-31 09:00:00
7.48,8.69,9.1,105.0,13.1,35.6,1004.6,2026-08-31 10:00:00
7.15,8.07,8.45,115.0,12.5,36.6,1004.3,2026-08-31 11:00:00
6.11,6.82,7.14,118.0,12.1,37.4,1003.3,2026-08-31 12:00:00
4.65,5.44,5.7,96.0,10.8,37.2,1003.0,2026-08-31 13:00:00
3.94,4.6,4.82,85.0,8.4,35.3,1002.2,2026-08-31 14:00:00
4.54,5.26,5.51,74.0,7.9,34.7,1001.8,2026-08-31 15:00:00
6.51,7.82,8.19,59.0,10.0,32.9,1001.4,2026-08-31 16:00:00
9.73,12.89,13.49,53.0,14.1,30.6,1001.4,2026-08-31 17:00:00
10.31,14.89,15.59,60.0,15.4,29.6,1002.3,2026-08-31 18:00:00
8.79,12.08,12.65,67.0,15.1,29.7,1003.8,2026-08-31 19:00:00
8.07,10.57,11.07,72.0,12.8,29.4,1004.9,2026-08-31 20:00:00
7.71,10.03,10.5,80.0,11.8,29.4,1005.6,2026-08-31 21:00:00
6.64,8.65,9.05,86.0,11.4,29.3,1006.0,2026-08-31 22:00:00
5.35,7.13,7.47,86.0,9.8,29.0,1006.1,2026-08-31 23:00:00
4.8,6.49,6.79,92.0,7.9,28.9,1005.8,2026-09-01 00:00:00
4.25,5.83,6.11,96.0,7.2,28.6,1005.8,2026-09-01 01:00:00
4.3,5.89,6.17,97.0,6.3,28.5,1004.7,2026-09-01 02:00:00
4.15,5.73,6.0,95.0,6.6,28.3,1004.1,2026-09-01 03:00:00
4.57,6.39,6.69,88.0,6.7,28.1,1004.0,2026-09-01 04:00:00
4.94,6.92,7.25,88.0,7.1,27.8,1004.4,2026-09-01 05:00:00
5.75,7.81,8.18,93.0,8.2,27.8,1004.6,2026-09-01 06:00:00
6.21,7.79,8.16,96.0,9.8,29.1,1005.3,2026-09-01 07:00:00
6.64,7.78,8.15,102.0,10.6,31.3,1005.7,2026-09-01 08:00:00
6.79,7.83,8.2,107.0,11.2,33.5,1005.7,2026-09-01 09:00:00
6.3,7.17,7.51,104.0,11.4,35.1,1005.6,2026-09-01 10:00:00
5.17,5.95,6.23,91.0,11.2,35.7,1005.1,2026-09-01 11:00:00
6.24,7.37,7.71,57.0,10.5,34.5,1004.4,2026-09-01 12:00:00
10.26,12.44,13.03,49.0,15.9,33.6,1003.8,2026-09-01 13:00:00
10.1,12.67,13.27,57.0,16.3,32.4,1003.1,2026-09-01 14:00:00
10.1,12.53,13.12,58.0,15.6,31.6,1002.7,2026-09-01 15:00:00
9.44,11.99,12.56,51.0,15.4,30.5,1002.6,2026-09-01 16:00:00
9.42,12.49,13.08,57.0,14.5,29.6,1002.8,2026-09-01 17:00:00
8.13,11.14,11.66,63.0,13.9,29.2,1003.6,2026-09-01 18:00:00
8.26,10.64,11.14,73.0,12.2,29.4,1005.1,2026-09-01 19:00:00
7.59,9.68,10.14,75.0,11.7,29.1,1005.3,2026-09-01 20:00:00
6.83,9.55,10.0,76.0,11.2,28.8,1006.1,2026-09-01 21:00:00
6.96,9.2,9.63,76.0,10.0,28.5,1006.4,2026-09-01 22:00:00
6.85,9.09,9.52,79.0,10.0,28.3,1006.1,2026-09-01 23:00:00
6.35,8.5,8.9,79.0,9.8,28.0,1005.6,2026-09-02 00:00:00
7.35,9.73,10.19,78.0,9.6,27.8,1005.7,2026-09-02 01:00:00
6.94,9.37,9.81,78.0,10.5,27.5,1005.3,2026-09-02 02:00:00
6.65,9.09,9.52,79.0,10.0,27.2,1004.7,2026-09-02 03:00:00
6.28,8.75,9.17,78.0,9.5,27.0,1004.7,2026-09-02 04:00:00
6.29,8.74,9.15,81.0,9.1,26.9,1005.1,2026-09-02 05:00:00
6.18,8.48,8.88,81.0,9.0,27.1,1005.4,2026-09-02 06:00:00
7.15,8.96,9.39,74.0,10.1,28.3,1006.1,2026-09-02 07:00:00
7.9,9.45,9.89,77.0,12.1,30.1,1006.5,2026-09-02 08:00:00
8.0,9.45,9.89,82.0,12.8,32.3,1006.5,2026-09-02 09:00:00
7.47,8.76,9.17,80.0,12.6,33.8,1006.1,2026-09-02 10:00:00
7.13,8.51,8.91,80.0,12.5,34.8,1005.6,2026-09-02 11:00:00
7.49,8.97,9.39,66.0,12.4,34.7,1004.8,2026-09-02 12:00:00
9.81,11.7,12.25,59.0,14.9,34.2,1004.1,2026-09-02 13:00:00
10.66,12.94,13.55,55.0,16.4,32.0,1003.2,2026-09-02 14:00:00
10.32,12.63,13.22,56.0,16.3,31.2,1002.5,2026-09-02 15:00:00
9.09,11.18,11.71,57.0,15.8,30.6,1002.3,2026-09-02 16:00:00
9.35,11.91,12.47,59.0,13.8,29.7,1002.5,2026-09-02 17:00:00
8.77,11.54,12.08,66.0,13.8,28.9,1002.9,2026-09-02 18:00:00
8.55,10.91,11.43,75.0,13.0,28.8,1004.2,2026-09-02 19:00:00
7.27,9.59,10.04,75.0,12.4,28.4,1004.4,2026-09-02 20:00:00
7.34,9.66,10.12,74.0,10.4,28.2,1004.8,2026-09-02 21:00:00
7.51,9.95,10.42,77.0,10.7,28.0,1005.1,2026-09-02 22:00:00
7.15,9.61,10.06,80.0,10.7,27.8,1004.9,2026-09-02 23:00:00
7.48,10.03,10.5,79.0,10.7,27.6,1004.5,2026-09-03 00:00:00
7.6,10.11,10.58,76.0,10.9,27.3,1004.4,2026-09-03 01:00:00
7.59,10.0,10.47,75.0,10.8,27.2,1004.0,2026-09-03 02:00:00
7.44,10.2,10.68,76.0,10.9,27.1,1003.9,2026-09-03 03:00:00
7.78,10.64,11.14,76.0,11.1,27.1,1004.0,2026-09-03 04:00:00
8.13,11.0,11.52,78.0,11.7,27.0,1004.1,2026-09-03 05:00:00
8.26,11.2,11.73,78.0,11.9,27.1,1004.4,2026-09-03 06:00:00
8.39,10.32,10.81,83.0,13.2,28.2,1005.4,2026-09-03 07:00:00
8.55,10.07,10.55,85.0,13.2,30.0,1006.1,2026-09-03 08:00:00
8.64,10.06,10.53,87.0,13.6,32.1,1006.0,2026-09-03 09:00:00
8.3,9.67,10.13,86.0,13.4,34.0,1005.3,2026-09-03 10:00:00
7.51,8.9,9.32,85.0,13.1,35.0,1004.4,2026-09-03 11:00:00
8.16,9.59,10.04,79.0,13.0,35.5,1003.6,2026-09-03 12:00:00
9.84,11.65,12.2,61.0,15.4,34.4,1003.4,2026-09-03 13:00:00
10.22,12.15,12.72,66.0,15.8,33.3,1002.8,2026-09-03 14:00:00
10.15,12.19,12.76,60.0,15.7,32.1,1001.9,2026-09-03 15:00:00
9.95,12.13,12.7,59.0,15.4,31.3,1001.9,2026-09-03 16:00:00
9.62,12.24,12.81,61.0,15.0,30.0,1001.9,2026-09-03 17:00:00
8.09,10.98,11.5,64.0,14.1,29.0,1002.5,2026-09-03 18:00:00
8.05,10.34,10.82,68.0,11.7,29.3,1004.0,2026-09-03 19:00:00
7.16,9.12,9.55,71.0,11.6,28.8,1004.4,2026-09-03 20:00:00
6.94,8.94,9.36,72.0,10.5,28.6,1005.2,2026-09-03 21:00:00
7.42,9.53,9.98,73.0,11.0,28.4,1005.7,2026-09-03 22:00:00
7.06,9.27,9.7,77.0,11.0,28.1,1005.3,2026-09-03 23:00:00
7.24,9.36,9.8,77.0,10.5,27.8,1004.6,2026-09-04 00:00:00
7.26,9.41,9.86,74.0,10.6,27.5,1004.5,2026-09-04 01:00:00
7.18,9.57,10.03,75.0,10.5,27.3,1003.9,2026-09-04 02:00:00
7.33,9.8,10.26,79.0,10.5,27.1,1003.7,2026-09-04 03:00:00
7.28,9.74,10.2,82.0,10.6,26.8,1003.7,2026-09-04 04:00:00
7.29,9.68,10.14,82.0,10.5,26.7,1004.0,2026-09-04 05:00:00
7.51,10.05,10.52,82.0,10.8,26.7,1004.4,2026-09-04 06:00:00
8.26,9.99,10.46,80.0,12.5,28.0,1005.3,2026-09-04 07:00:00
8.86,10.33,10.82,89.0,13.6,30.3,1005.6,2026-09-04 08:00:00
8.55,9.86,10.32,93.0,13.9,33.0,1005.5,2026-09-04 09:00:00
8.3,9.47,9.92,93.0,13.7,34.6,1005.2,2026-09-04 10:00:00
7.7,8.78,9.19,92.0,13.5,35.9,1004.6,2026-09-04 11:00:00
7.31,8.36,8.75,80.0,12.8,36.1,1003.6,2026-09-04 12:00:00
8.31,10.15,10.63,59.0,14.2,34.7,1003.2,2026-09-04 13:00:00
10.07,12.51,13.1,53.0,16.1,32.6,1002.2,2026-09-04 14:00:00
11.77,14.12,14.79,48.0,18.2,31.3,1001.7,2026-09-04 15:00:00
11.6,14.23,14.9,49.0,18.1,30.1,1001.5,2026-09-04 16:00:00
10.21,12.82,13.42,52.0,17.5,29.1,1001.3,2026-09-04 17:00:00
9.2,11.9,12.46,60.0,15.3,28.4,1002.1,2026-09-04 18:00:00
9.26,11.87,12.43,66.0,13.6,28.5,1003.4,2026-09-04 19:00:00
8.03,10.08,10.56,72.0,13.4,28.5,1004.4,2026-09-04 20:00:00
7.87,9.87,10.34,79.0,11.9,28.5,1004.9,2026-09-04 21:00:00
7.33,9.28,9.72,79.0,11.6,28.3,1004.8,2026-09-04 22:00:00
7.24,9.2,9.63,77.0,10.8,28.1,1004.5,2026-09-04 23:00:00
7.25,9.33,9.77,78.0,10.9,27.8,1003.7,2026-09-05 00:00:00
6.83,8.98,9.41,76.0,10.6,27.6,1003.4,2026-09-05 01:00:00
6.39,8.64,9.05,77.0,9.9,27.5,1002.7,2026-09-05 02:00:00
6.82,9.26,9.7,82.0,9.9,27.4,1002.4,2026-09-05 03:00:00
7.0,9.44,9.88,85.0,10.1,27.3,1002.1,2026-09-05 04:00:00
6.87,9.32,9.76,88.0,10.2,27.2,1002.6,2026-09-05 05:00:00
6.74,9.19,9.62,86.0,9.9,27.3,1002.7,2026-09-05 06:00:00
7.83,9.57,10.02,83.0,11.7,28.7,1003.6,2026-09-05 07:00:00
8.87,10.34,10.83,87.0,13.7,30.8,1004.0,2026-09-05 08:00:00
9.15,10.62,11.13,91.0,14.4,33.4,1003.8,2026-09-05 09:00:00
9.55,11.02,11.54,92.0,15.1,35.4,1003.2,2026-09-05 10:00:00
9.1,10.58,11.07,91.0,15.2,36.4,1002.3,2026-09-05 11:00:00
8.75,10.2,10.69,83.0,15.0,36.8,1001.2,2026-09-05 12:00:00
9.22,10.78,11.29,75.0,14.8,36.5,1001.0,2026-09-05 13:00:00
9.12,10.65,11.15,83.0,15.0,36.6,1000.4,2026-09-05 14:00:00
9.02,10.64,11.15,69.0,14.5,35.0,1000.0,2026-09-05 15:00:00
9.56,11.49,12.03,63.0,14.6,33.5,999.3,2026-09-05 16:00:00
10.07,12.33,12.91,61.0,15.2,31.6,999.7,2026-09-05 17:00:00
8.7,11.03,11.55,67.0,15.1,30.2,1000.7,2026-09-05 18:00:00
8.34,10.61,11.11,67.0,12.7,29.6,1001.8,2026-09-05 19:00:00
7.19,9.42,9.86,71.0,12.1,29.3,1002.3,2026-09-05 20:00:00
6.97,9.14,9.57,77.0,10.6,29.2,1002.6,2026-09-05 21:00:00
6.98,9.14,9.57,83.0,10.4,29.0,1002.8,2026-09-05 22:00:00
7.38,9.82,10.29,83.0,10.7,28.7,1002.6,2026-09-05 23:00:00
7.97,10.52,11.02,82.0,11.5,28.4,1002.1,2026-09-06 00:00:00
7.71,10.32,10.81,82.0,11.5,28.2,1002.1,2026-09-06 01:00:00
7.64,10.32,10.81,85.0,11.3,28.1,1001.6,2026-09-06 02:00:00
7.0,9.57,10.02,86.0,11.1,27.9,1001.1,2026-09-06 03:00:00
6.84,9.37,9.81,87.0,10.1,27.7,1001.3,2026-09-06 04:00:00
6.89,9.51,9.96,87.0,10.0,27.5,1001.5,2026-09-06 05:00:00
6.86,9.55,10.0,90.0,10.0,27.6,1001.8,2026-09-06 06:00:00
6.86,8.72,9.13,96.0,10.6,29.4,1003.1,2026-09-06 07:00:00
7.57,8.97,9.39,96.0,11.6,31.2,1003.5,2026-09-06 08:00:00
8.46,9.93,10.4,101.0,13.1,33.8,1003.6,2026-09-06 09:00:00
9.39,10.9,11.41,110.0,14.7,35.8,1003.5,2026-09-06 10:00:00
9.18,10.71,11.22,112.0,15.0,37.0,1002.6,2026-09-06 11:00:00
7.92,9.31,9.75,103.0,14.7,38.2,1001.2,2026-09-06 12:00:00
8.08,9.72,10.17,87.0,13.2,38.9,1000.7,2026-09-06 13:00:00
8.39,10.16,10.63,83.0,13.3,37.3,999.9,2026-09-06 14:00:00
8.97,11.16,11.69,64.0,13.7,34.6,999.3,2026-09-06 15:00:00
10.94,13.52,14.16,62.0,16.3,33.0,999.0,2026-09-06 16:00:00
10.01,12.68,13.28,64.0,16.5,31.4,999.5,2026-09-06 17:00:00
7.72,10.35,10.84,69.0,14.7,29.7,1000.8,2026-09-06 18:00:00
8.67,11.01,11.53,75.0,11.3,29.5,1001.9,2026-09-06 19:00:00
7.93,10.14,10.62,77.0,12.6,29.4,1002.5,2026-09-06 20:00:00
8.22,10.7,11.21,74.0,11.9,29.1,1002.8,2026-09-06 21:00:00
8.83,11.5,12.04,76.0,12.9,28.7,1003.2,2026-09-06 22:00:00
8.95,11.92,12.48,80.0,12.8,28.5,1003.3,2026-09-06 23:00:00
9.41,12.43,13.02,83.0,13.5,28.4,1002.9,2026-09-07 00:00:00
9.01,11.8,12.36,82.0,13.6,27.9,1002.7,2026-09-07 01:00:00
8.14,10.89,11.41,86.0,13.0,27.8,1002.4,2026-09-07 02:00:00
7.41,10.09,10.57,89.0,11.9,28.0,1002.2,2026-09-07 03:00:00
7.22,9.81,10.27,87.0,10.7,27.8,1002.5,2026-09-07 04:00:00
7.43,10.1,10.58,87.0,10.8,27.8,1003.1,2026-09-07 05:00:00
7.48,10.24,10.73,88.0,10.9,27.9,1003.3,2026-09-07 06:00:00
8.04,10.03,10.5,82.0,11.5,28.7,1004.3,2026-09-07 07:00:00
8.78,10.49,10.98,84.0,13.3,30.5,1005.1,2026-09-07 08:00:00
8.79,10.4,10.89,87.0,13.4,31.8,1005.3,2026-09-07 09:00:00
9.2,10.72,11.23,90.0,14.2,34.3,1004.8,2026-09-07 10:00:00
9.01,10.56,11.06,85.0,14.3,35.0,1004.3,2026-09-07 11:00:00
9.08,10.6,11.1,76.0,14.3,35.1,1003.3,2026-09-07 12:00:00
9.22,10.68,11.19,65.0,14.9,35.4,1002.8,2026-09-07 13:00:00
9.91,11.82,12.38,58.0,15.0,33.5,1002.1,2026-09-07 14:00:00
11.66,13.88,14.54,57.0,17.1,32.4,1001.8,2026-09-07 15:00:00
12.23,15.14,15.85,61.0,18.3,31.4,1001.7,2026-09-07 16:00:00
10.8,13.62,14.27,64.0,18.0,30.4,1002.1,2026-09-07 17:00:00
8.64,11.15,11.68,68.0,15.8,29.3,1002.9,2026-09-07 18:00:00
8.78,11.3,11.84,68.0,12.5,29.1,1004.1,2026-09-07 19:00:00
8.4,11.07,11.59,74.0,12.8,28.8,1004.9,2026-09-07 20:00:00
9.43,12.39,12.98,77.0,13.6,28.7,1005.2,2026-09-07 21:00:00
10.01,13.18,13.81,77.0,14.6,28.6,1005.4,2026-09-07 22:00:00
9.4,12.39,12.98,82.0,14.5,28.5,1005.6,2026-09-07 23:00:00
8.89,11.87,12.43,86.0,13.5,28.4,1005.2,2026-09-08 00:00:00
8.22,10.97,11.49,88.0,12.8,28.1,1005.3,2026-09-08 01:00:00
7.51,10.19,10.67,89.0,11.8,27.9,1005.2,2026-09-08 02:00:00
7.26,9.89,10.36,90.0,10.9,27.7,1005.2,2026-09-08 03:00:00
7.41,10.19,10.67,90.0,10.7,27.5,1005.1,2026-09-08 04:00:00
7.55,10.43,10.92,91.0,11.0,27.3,1005.1,2026-09-08 05:00:00
7.6,10.48,10.97,91.0,10.9,27.3,1005.5,2026-09-08 06:00:00
8.5,10.62,11.13,90.0,12.6,29.1,1006.3,2026-09-08 07:00:00
9.61,11.42,11.96,93.0,14.5,30.9,1006.7,2026-09-08 08:00:00
10.06,11.74,12.3,97.0,15.5,33.0,1006.4,2026-09-08 09:00:00
10.85,12.7,13.3,101.0,16.7,35.0,1005.7,2026-09-08 10:00:00
10.44,12.14,12.71,100.0,17.0,36.2,1005.3,2026-09-08 11:00:00
9.8,11.41,11.95,91.0,16.5,37.0,1004.3,2026-09-08 12:00:00
10.23,12.02,12.58,74.0,16.9,36.0,1004.0,2026-09-08 13:00:00
11.89,13.62,14.26,69.0,18.2,34.7,1003.0,2026-09-08 14:00:00
12.33,14.63,15.32,68.0,18.7,33.4,1002.5,2026-09-08 15:00:00
12.14,14.81,15.51,66.0,18.9,31.6,1002.4,2026-09-08 16:00:00
11.72,14.63,15.32,62.0,18.3,29.9,1002.7,2026-09-08 17:00:00
12.03,15.28,16.0,62.0,17.5,29.0,1003.1,2026-09-08 18:00:00
12.39,15.8,16.55,64.0,18.0,28.5,1004.3,2026-09-08 19:00:00
12.63,16.31,17.08,65.0,18.4,28.3,1005.2,2026-09-08 20:00:00
12.32,16.01,16.76,68.0,18.3,28.1,1005.6,2026-09-08 21:00:00
11.63,15.2,15.91,74.0,17.8,28.1,1006.0,2026-09-08 22:00:00
11.17,14.59,15.27,78.0,16.7,27.9,1005.9,2026-09-08 23:00:00
10.61,13.94,14.59,78.0,16.1,27.7,1005.4,2026-09-09 00:00:00
10.0,12.9,13.51,77.0,15.3,27.4,1005.6,2026-09-09 01:00:00
10.07,13.01,13.62,78.0,14.6,27.2,1004.9,2026-09-09 02:00:00
9.68,12.58,13.17,79.0,14.5,27.2,1004.2,2026-09-09 03:00:00
9.37,12.27,12.85,79.0,14.0,27.0,1004.0,2026-09-09 04:00:00
9.36,12.27,12.85,79.0,13.6,27.0,1004.2,2026-09-09 05:00:00
9.6,12.55,13.14,79.0,13.9,27.1,1004.6,2026-09-09 06:00:00
10.42,12.57,13.16,77.0,15.4,28.4,1005.3,2026-09-09 07:00:00
11.15,13.16,13.78,79.0,16.8,30.4,1005.9,2026-09-09 08:00:00
11.44,13.32,13.95,81.0,17.5,32.5,1006.2,2026-09-09 09:00:00
11.07,12.75,13.36,80.0,17.7,34.1,1005.6,2026-09-09 10:00:00
10.78,12.44,13.03,75.0,17.7,34.9,1004.7,2026-09-09 11:00:00
11.25,12.99,13.6,67.0,17.5,34.6,1003.5,2026-09-09 12:00:00
11.66,13.53,14.17,57.0,19.5,33.8,1003.2,2026-09-09 13:00:00
13.1,15.2,15.92,51.0,19.4,31.4,1002.2,2026-09-09 14:00:00
12.46,14.69,15.39,56.0,19.8,31.1,1001.5,2026-09-09 15:00:00
12.0,14.42,15.1,58.0,18.6,30.6,1001.3,2026-09-09 16:00:00
11.83,14.58,15.26,59.0,17.8,29.3,1001.2,2026-09-09 17:00:00
10.79,13.79,14.45,60.0,17.3,28.2,1002.0,2026-09-09 18:00:00
9.75,12.71,13.31,63.0,15.6,28.4,1003.4,2026-09-09 19:00:00
8.56,11.09,11.62,64.0,14.1,28.4,1003.9,2026-09-09 20:00:00
8.93,11.55,12.1,67.0,12.8,28.3,1005.0,2026-09-09 21:00:00
8.89,11.54,12.09,71.0,13.2,28.2,1005.3,2026-09-09 22:00:00
8.87,11.38,11.92,74.0,13.3,28.0,1005.2,2026-09-09 23:00:00
8.29,10.73,11.24,75.0,12.8,27.7,1004.7,2026-09-10 00:00:00
8.53,10.93,11.45,75.0,12.2,27.4,1004.3,2026-09-10 01:00:00
8.39,10.76,11.27,78.0,12.5,27.1,1003.2,2026-09-10 02:00:00
7.92,10.55,11.05,81.0,12.2,27.0,1003.1,2026-09-10 03:00:00
7.57,10.1,10.57,84.0,11.5,27.1,1003.3,2026-09-10 04:00:00
7.28,9.77,10.23,83.0,10.9,27.0,1003.6,2026-09-10 05:00:00
6.88,9.33,9.77,86.0,10.5,27.0,1004.0,2026-09-10 06:00:00
7.4,9.05,9.48,82.0,11.3,28.7,1004.7,2026-09-10 07:00:00
8.34,9.77,10.23,83.0,12.8,30.7,1004.9,2026-09-10 08:00:00
8.71,10.06,10.54,83.0,13.7,33.0,1005.0,2026-09-10 09:00:00
8.89,10.22,10.71,81.0,14.3,34.6,1004.5,2026-09-10 10:00:00
8.6,9.97,10.44,78.0,14.3,35.8,1003.9,2026-09-10 11:00:00
8.83,10.15,10.63,77.0,14.2,36.7,1002.7,2026-09-10 12:00:00
9.37,10.93,11.44,72.0,16.0,36.9,1002.0,2026-09-10 13:00:00
10.25,11.97,12.53,69.0,16.1,36.1,1001.2,2026-09-10 14:00:00
10.71,12.64,13.24,68.0,16.6,35.1,1000.7,2026-09-10 15:00:00
11.79,13.95,14.61,65.0,17.8,33.6,1000.7,2026-09-10 16:00:00
11.54,13.99,14.65,74.0,17.9,32.2,1001.3,2026-09-10 17:00:00
10.49,12.9,13.51,79.0,17.2,30.8,1002.0,2026-09-10 18:00:00
9.68,12.11,12.68,80.0,15.5,30.4,1002.9,2026-09-10 19:00:00
9.47,11.92,12.48,79.0,14.3,29.7,1003.4,2026-09-10 20:00:00
9.68,12.33,12.91,77.0,14.1,29.1,1004.1,2026-09-10 21:00:00
9.63,12.35,12.93,82.0,14.3,28.9,1004.3,2026-09-10 22:00:00
8.9,11.78,12.33,83.0,14.0,28.6,1004.1,2026-09-10 23:00:00
8.49,11.14,11.66,86.0,12.9,28.5,1003.6,2026-09-11 00:00:00
7.83,10.4,10.89,83.0,12.2,28.0,1003.6,2026-09-11 01:00:00
7.71,10.03,10.51,82.0,11.5,27.6,1003.1,2026-09-11 02:00:00
7.79,9.96,10.43,83.0,11.3,27.4,1002.7,2026-09-11 03:00:00
7.87,10.25,10.73,87.0,11.5,27.2,1003.0,2026-09-11 04:00:00
8.1,10.72,11.23,91.0,11.7,27.3,1003.3,2026-09-11 05:00:00
8.25,10.98,11.49,93.0,12.0,27.4,1003.5,2026-09-11 06:00:00
8.07,9.98,10.45,95.0,13.1,29.0,1004.7,2026-09-11 07:00:00
9.22,10.9,11.41,99.0,13.9,30.8,1005.2,2026-09-11 08:00:00
9.82,11.54,12.08,100.0,15.0,33.0,1005.3,2026-09-11 09:00:00
10.46,12.28,12.86,103.0,16.2,35.1,1004.9,2026-09-11 10:00:00
10.22,11.87,12.43,100.0,16.3,36.5,1004.6,2026-09-11 11:00:00
10.62,12.34,12.92,88.0,16.7,36.4,1003.7,2026-09-11 12:00:00
10.72,12.5,13.09,79.0,17.9,35.7,1003.5,2026-09-11 13:00:00
11.24,13.24,13.87,77.0,16.9,33.6,1002.6,2026-09-11 14:00:00
11.62,13.8,14.45,74.0,17.4,32.9,1001.6,2026-09-11 15:00:00
12.43,14.97,15.67,73.0,18.4,32.1,1001.3,2026-09-11 16:00:00
11.86,14.75,15.45,71.0,18.6,30.6,1001.7,2026-09-11 17:00:00
11.53,14.96,15.66,73.0,17.8,29.3,1002.2,2026-09-11 18:00:00
11.34,14.35,15.02,74.0,16.9,29.4,1002.9,2026-09-11 19:00:00
11.16,14.08,14.74,77.0,16.6,29.1,1003.7,2026-09-11 20:00:00
10.92,13.88,14.53,78.0,16.3,28.8,1004.4,2026-09-11 21:00:00
10.42,13.39,14.02,81.0,15.9,28.5,1004.7,2026-09-11 22:00:00
10.2,13.16,13.78,83.0,15.1,28.3,1004.5,2026-09-11 23:00:00
9.7,12.7,13.3,86.0,14.7,28.1,1004.4,2026-09-12 00:00:00
9.4,12.33,12.91,83.0,14.0,27.8,1004.4,2026-09-12 01:00:00
9.37,12.29,12.87,82.0,13.6,27.5,1003.6,2026-09-12 02:00:00
9.27,12.3,12.88,82.0,13.5,27.3,1003.1,2026-09-12 03:00:00
9.13,12.08,12.65,81.0,13.4,27.2,1003.2,2026-09-12 04:00:00
9.07,12.01,12.58,84.0,13.1,27.1,1003.6,2026-09-12 05:00:00
8.75,11.64,12.19,85.0,13.1,27.2,1003.9,2026-09-12 06:00:00
9.63,11.88,12.44,79.0,13.9,28.5,1004.8,2026-09-12 07:00:00
11.17,13.17,13.79,78.0,16.7,30.3,1005.1,2026-09-12 08:00:00
11.73,13.65,14.29,78.0,18.0,32.1,1005.5,2026-09-12 09:00:00
12.19,14.17,14.84,77.0,19.3,33.4,1005.3,2026-09-12 10:00:00
12.5,14.63,15.32,76.0,19.6,34.3,1004.7,2026-09-12 11:00:00
12.84,14.99,15.7,74.0,19.8,35.0,1004.0,2026-09-12 12:00:00
12.55,14.73,15.43,72.0,20.2,34.9,1003.8,2026-09-12 13:00:00
12.28,14.55,15.24,70.0,18.9,33.2,1003.2,2026-09-12 14:00:00
12.22,14.6,15.29,70.0,18.8,32.5,1002.2,2026-09-12 15:00:00
11.94,14.51,15.2,70.0,18.5,31.4,1002.0,2026-09-12 16:00:00
11.45,14.06,14.72,71.0,18.0,30.4,1002.1,2026-09-12 17:00:00
10.32,13.27,13.9,71.0,17.0,29.2,1002.7,2026-09-12 18:00:00
10.53,13.17,13.8,74.0,15.2,29.2,1003.9,2026-09-12 19:00:00
10.42,13.02,13.63,74.0,15.4,28.9,1004.6,2026-09-12 20:00:00
10.17,12.83,13.43,75.0,15.3,28.6,1005.2,2026-09-12 21:00:00
9.73,12.39,12.97,78.0,14.8,28.4,1005.5,2026-09-12 22:00:00
8.76,11.45,11.99,81.0,14.1,28.1,1005.7,2026-09-12 23:00:00
8.61,11.39,11.93,83.0,12.7,28.0,1005.3,2026-09-13 00:00:00
9.16,11.97,12.53,79.0,12.8,27.7,1004.9,2026-09-13 01:00:00
8.54,11.31,11.85,81.0,13.1,27.4,1004.0,2026-09-13 02:00:00
8.38,11.08,11.6,84.0,12.3,27.4,1003.6,2026-09-13 03:00:00
8.01,10.63,11.14,82.0,12.1,27.4,1003.5,2026-09-13 04:00:00
8.14,10.85,11.36,83.0,11.8,27.3,1003.5,2026-09-13 05:00:00
8.27,10.92,11.44,84.0,11.9,27.3,1003.8,2026-09-13 06:00:00
9.11,11.12,11.64,79.0,12.8,28.7,1004.8,2026-09-13 07:00:00
10.21,12.03,12.59,80.0,15.4,30.7,1005.5,2026-09-13 08:00:00
11.11,12.91,13.52,85.0,17.1,33.0,1005.3,2026-09-13 09:00:00
10.97,12.71,13.31,85.0,17.3,34.6,1004.9,2026-09-13 10:00:00
10.34,11.98,12.54,81.0,17.2,35.2,1004.4,2026-09-13 11:00:00
10.73,12.44,13.03,78.0,17.0,35.8,1003.2,2026-09-13 12:00:00
10.92,12.76,13.36,77.0,17.9,35.7,1002.8,2026-09-13 13:00:00
11.03,13.07,13.69,71.0,17.1,34.4,1002.1,2026-09-13 14:00:00
11.97,14.18,14.85,73.0,18.8,32.6,1001.4,2026-09-13 15:00:00
11.06,13.36,13.99,76.0,18.4,31.9,1001.3,2026-09-13 16:00:00
10.3,12.62,13.22,76.0,16.8,30.5,1001.6,2026-09-13 17:00:00
10.09,12.6,13.19,76.0,15.5,29.4,1002.3,2026-09-13 18:00:00
10.75,13.82,14.48,72.0,15.1,28.8,1003.2,2026-09-13 19:00:00
10.95,14.02,14.68,75.0,15.8,28.8,1003.8,2026-09-13 20:00:00
11.23,14.34,15.01,79.0,16.3,28.6,1004.4,2026-09-13 21:00:00
10.38,13.37,14.0,82.0,16.3,28.3,1004.7,2026-09-13 22:00:00
9.08,11.91,12.47,82.0,15.0,28.2,1004.8,2026-09-13 23:00:00
8.75,11.44,11.98,83.0,13.1,28.2,1004.5,2026-09-14 00:00:00
8.03,10.3,10.78,87.0,12.9,28.1,1004.2,2026-09-14 01:00:00
7.72,9.95,10.42,87.0,11.8,27.9,1003.6,2026-09-14 02:00:00
7.6,9.82,10.28,86.0,11.3,27.7,1003.2,2026-09-14 03:00:00
7.43,9.61,10.06,82.0,11.1,27.5,1003.2,2026-09-14 04:00:00
7.55,9.87,10.34,83.0,11.0,27.5,1003.6,2026-09-14 05:00:00
7.38,9.69,10.15,85.0,11.0,27.6,1003.8,2026-09-14 06:00:00
8.06,10.08,10.56,82.0,12.0,28.4,1004.0,2026-09-14 07:00:00
8.51,10.23,10.72,89.0,12.9,30.0,1005.1,2026-09-14 08:00:00
8.45,9.96,10.43,93.0,13.2,31.8,1005.4,2026-09-14 09:00:00
8.71,10.11,10.59,94.0,13.8,33.5,1004.8,2026-09-14 10:00:00
8.48,9.8,10.27,88.0,14.1,35.0,1003.9,2026-09-14 11:00:00
8.32,9.69,10.15,77.0,13.8,35.8,1002.7,2026-09-14 12:00:00
9.73,11.25,11.78,65.0,15.0,35.0,1002.5,2026-09-14 13:00:00
9.89,11.71,12.26,69.0,16.1,32.9,1002.1,2026-09-14 14:00:00
11.4,13.89,14.54,62.0,17.1,30.9,1001.5,2026-09-14 15:00:00
9.91,12.09,12.66,70.0,17.2,31.0,1001.9,2026-09-14 16:00:00
8.95,11.25,11.78,69.0,15.0,30.1,1001.9,2026-09-14 17:00:00
9.09,11.56,12.1,71.0,13.2,29.4,1002.3,2026-09-14 18:00:00
9.58,12.07,12.64,73.0,14.4,28.9,1003.1,2026-09-14 19:00:00
9.7,12.26,12.84,76.0,14.2,28.6,1003.5,2026-09-14 20:00:00
9.43,12.12,12.69,80.0,14.5,28.5,1004.1,2026-09-14 21:00:00
9.24,11.88,12.44,79.0,13.8,28.3,1004.2,2026-09-14 22:00:00
8.8,11.3,11.83,80.0,13.5,28.1,1004.2,2026-09-14 23:00:00
7.83,10.23,10.71,85.0,12.7,28.0,1004.0,2026-09-15 00:00:00
7.98,10.24,10.72,88.0,11.4,27.9,1003.8,2026-09-15 01:00:00
7.6,10.14,10.62,92.0,11.6,27.8,1003.0,2026-09-15 02:00:00
7.21,10.06,10.54,97.0,11.0,27.8,1003.0,2026-09-15 03:00:00
6.73,9.36,9.8,88.0,10.4,27.7,1002.9,2026-09-15 04:00:00
6.52,8.75,9.16,80.0,9.9,27.6,1002.8,2026-09-15 05:00:00
6.46,8.89,9.31,77.0,9.6,27.4,1003.0,2026-09-15 06:00:00
7.83,9.76,10.22,81.0,11.0,28.4,1003.7,2026-09-15 07:00:00
8.64,10.34,10.83,84.0,13.1,30.0,1004.1,2026-09-15 08:00:00
8.99,10.54,11.04,82.0,14.0,31.8,1003.8,2026-09-15 09:00:00
8.77,10.16,10.64,79.0,14.1,33.5,1003.7,2026-09-15 10:00:00
8.81,10.36,10.85,74.0,14.3,34.0,1003.2,2026-09-15 11:00:00
10.63,12.47,13.06,65.0,16.2,33.4,1002.3,2026-09-15 12:00:00
11.86,14.01,14.67,61.0,18.5,32.5,1002.6,2026-09-15 13:00:00
10.96,13.22,13.84,66.0,17.7,31.5,1002.5,2026-09-15 14:00:00
10.64,12.86,13.47,68.0,16.6,31.1,1001.7,2026-09-15 15:00:00
10.27,12.73,13.33,72.0,16.1,30.7,1001.8,2026-09-15 16:00:00
9.11,11.37,11.9,78.0,15.4,30.2,1002.1,2026-09-15 17:00:00
7.81,10.09,10.57,82.0,13.5,29.2,1002.7,2026-09-15 18:00:00
8.87,11.5,12.04,73.0,11.4,29.1,1002.9,2026-09-15 19:00:00
8.7,11.33,11.86,79.0,13.2,28.8,1003.6,2026-09-15 20:00:00
8.7,11.31,11.84,78.0,12.7,28.7,1004.7,2026-09-15 21:00:00
8.73,11.36,11.9,77.0,12.9,28.4,1005.2,2026-09-15 22:00:00
8.47,10.93,11.45,76.0,12.8,28.2,1005.2,2026-09-15 23:00:00
8.48,10.93,11.45,75.0,12.4,28.0,1004.4,2026-09-16 00:00:00
8.98,11.5,12.05,75.0,12.4,27.8,1004.2,2026-09-16 01:00:00
8.81,11.17,11.7,77.0,13.0,27.7,1004.0,2026-09-16 02:00:00
8.54,10.86,11.37,78.0,12.8,27.5,1003.8,2026-09-16 03:00:00
8.53,11.04,11.56,79.0,12.4,27.4,1003.4,2026-09-16 04:00:00
8.19,10.71,11.22,81.0,12.4,27.4,1003.6,2026-09-16 05:00:00
7.83,10.26,10.75,83.0,11.8,27.4,1004.0,2026-09-16 06:00:00
6.3,7.99,8.37,90.0,12.2,28.3,1005.3,2026-09-16 07:00:00
6.56,7.85,8.22,89.0,10.1,29.2,1006.0,2026-09-16 08:00:00
7.41,8.65,9.06,95.0,11.7,31.5,1005.9,2026-09-16 09:00:00
7.97,9.21,9.65,96.0,12.8,33.4,1005.1,2026-09-16 10:00:00
7.99,9.24,9.68,98.0,13.1,35.1,1004.4,2026-09-16 11:00:00
7.2,8.44,8.84,92.0,13.1,35.4,1003.6,2026-09-16 12:00:00
7.33,8.84,9.25,70.0,12.0,34.1,1003.6,2026-09-16 13:00:00
7.99,10.16,10.64,65.0,12.0,32.0,1003.0,2026-09-16 14:00:00
9.97,11.93,12.49,62.0,15.1,31.7,1002.2,2026-09-16 15:00:00
10.28,12.49,13.08,56.0,15.4,30.7,1002.3,2026-09-16 16:00:00
9.9,12.44,13.02,59.0,15.8,29.7,1002.6,2026-09-16 17:00:00
8.52,11.01,11.53,61.0,14.6,28.4,1003.3,2026-09-16 18:00:00
8.49,10.84,11.35,62.0,12.5,28.3,1005.0,2026-09-16 19:00:00
8.16,10.53,11.03,65.0,12.5,28.1,1005.8,2026-09-16 20:00:00
8.59,11.11,11.63,69.0,12.5,28.0,1005.8,2026-09-16 21:00:00
8.14,10.62,11.13,73.0,12.7,27.9,1005.8,2026-09-16 22:00:00
7.07,9.59,10.04,77.0,11.7,27.9,1005.7,2026-09-16 23:00:00
6.84,9.15,9.58,77.0,10.3,27.9,1005.4,2026-09-17 00:00:00
7.71,10.1,10.57,70.0,10.7,27.5,1005.6,2026-09-17 01:00:00
7.68,10.08,10.56,73.0,11.6,27.4,1005.0,2026-09-17 02:00:00
7.68,10.19,10.67,76.0,11.3,27.3,1004.3,2026-09-17 03:00:00
7.53,10.19,10.67,76.0,11.1,27.2,1004.2,2026-09-17 04:00:00
7.31,9.87,10.34,77.0,10.9,27.0,1004.3,2026-09-17 05:00:00
6.88,9.12,9.55,80.0,10.6,27.0,1004.5,2026-09-17 06:00:00
6.32,7.68,8.04,82.0,10.4,28.6,1004.9,2026-09-17 07:00:00
6.34,7.37,7.72,87.0,10.3,30.8,1005.1,2026-09-17 08:00:00
7.01,8.04,8.42,90.0,11.4,33.3,1005.2,2026-09-17 09:00:00
8.13,9.42,9.86,87.0,13.2,35.5,1004.5,2026-09-17 10:00:00
8.43,9.89,10.36,84.0,13.9,36.5,1003.6,2026-09-17 11:00:00
7.67,9.05,9.48,85.0,13.8,37.2,1002.5,2026-09-17 12:00:00
7.58,8.92,9.34,96.0,12.9,38.3,1001.9,2026-09-17 13:00:00
7.91,9.17,9.6,109.0,12.8,37.9,1001.1,2026-09-17 14:00:00
7.11,8.25,8.64,104.0,12.8,37.4,1000.5,2026-09-17 15:00:00
7.57,8.98,9.41,75.0,11.5,35.0,1000.2,2026-09-17 16:00:00
9.35,11.64,12.19,65.0,13.9,32.5,1000.5,2026-09-17 17:00:00
9.35,12.16,12.74,64.0,14.1,30.7,1001.5,2026-09-17 18:00:00
8.12,10.71,11.21,66.0,13.6,30.4,1002.4,2026-09-17 19:00:00
6.89,9.08,9.51,68.0,11.7,30.0,1003.4,2026-09-17 20:00:00
6.43,8.31,8.71,74.0,10.3,29.9,1004.0,2026-09-17 21:00:00
6.17,8.04,8.42,79.0,9.5,29.8,1004.3,2026-09-17 22:00:00
7.1,9.54,9.99,80.0,10.2,29.4,1004.2,2026-09-17 23:00:00
8.1,10.95,11.47,81.0,11.7,29.1,1003.5,2026-09-18 00:00:00
8.79,11.87,12.43,83.0,11.9,28.7,1003.3,2026-09-18 01:00:00
8.72,11.7,12.26,88.0,12.9,28.6,1002.9,2026-09-18 02:00:00
8.95,11.89,12.45,91.0,12.9,28.6,1002.8,2026-09-18 03:00:00
9.05,12.05,12.62,93.0,13.1,28.4,1003.0,2026-09-18 04:00:00
8.91,11.99,12.55,95.0,13.2,28.2,1003.4,2026-09-18 05:00:00
8.47,11.43,11.97,97.0,12.9,28.0,1003.8,2026-09-18 06:00:00
8.86,11.0,11.52,95.0,13.2,29.4,1004.6,2026-09-18 07:00:00
9.41,11.14,11.66,99.0,14.3,31.5,1004.8,2026-09-18 08:00:00
9.91,11.66,12.21,103.0,15.3,34.2,1004.7,2026-09-18 09:00:00
10.5,12.22,12.8,110.0,16.4,36.3,1004.4,2026-09-18 10:00:00
9.86,11.47,12.01,111.0,16.5,37.7,1003.8,2026-09-18 11:00:00
8.72,10.11,10.59,107.0,15.8,38.5,1002.5,2026-09-18 12:00:00
8.56,10.09,10.57,89.0,14.3,38.3,1002.1,2026-09-18 13:00:00
9.63,11.34,11.87,77.0,15.1,36.9,1001.2,2026-09-18 14:00:00
12.1,14.11,14.77,68.0,18.4,34.2,1000.7,2026-09-18 15:00:00
12.55,14.96,15.67,68.0,19.2,32.3,1000.7,2026-09-18 16:00:00
11.54,13.99,14.66,71.0,19.0,30.7,1001.2,2026-09-18 17:00:00
9.91,12.13,12.7,77.0,17.3,29.6,1001.8,2026-09-18 18:00:00
8.87,10.82,11.33,79.0,14.6,29.4,1002.8,2026-09-18 19:00:00
7.76,9.59,10.04,82.0,12.9,29.3,1003.6,2026-09-18 20:00:00
7.28,8.97,9.39,84.0,11.5,29.3,1003.9,2026-09-18 21:00:00
7.46,9.37,9.81,80.0,10.9,28.9,1003.6,2026-09-18 22:00:00
7.59,9.57,10.02,79.0,11.4,28.4,1003.2,2026-09-18 23:00:00
7.04,9.27,9.71,83.0,11.1,28.3,1002.7,2026-09-19 00:00:00
7.72,10.06,10.53,81.0,10.4,27.8,1002.7,2026-09-19 01:00:00
7.54,9.86,10.32,83.0,11.2,27.6,1002.4,2026-09-19 02:00:00
7.08,9.36,9.8,82.0,11.0,27.4,1001.9,2026-09-19 03:00:00
6.97,9.26,9.7,78.0,10.3,27.2,1001.9,2026-09-19 04:00:00
6.97,9.36,9.8,80.0,10.2,27.1,1002.3,2026-09-19 05:00:00
7.16,9.44,9.89,82.0,10.4,27.2,1002.7,2026-09-19 06:00:00
7.71,9.5,9.95,82.0,11.4,28.7,1003.8,2026-09-19 07:00:00
8.19,9.58,10.03,86.0,12.8,30.8,1004.1,2026-09-19 08:00:00
7.97,9.21,9.65,89.0,12.8,33.3,1003.8,2026-09-19 09:00:00
7.65,8.77,9.19,91.0,12.9,35.6,1003.7,2026-09-19 10:00:00
6.8,7.81,8.18,93.0,12.6,36.9,1003.3,2026-09-19 11:00:00
5.51,6.48,6.79,89.0,11.7,36.7,1002.3,2026-09-19 12:00:00
6.3,7.54,7.9,62.0,10.8,35.8,1001.4,2026-09-19 13:00:00
8.39,10.23,10.72,53.0,13.4,34.4,1000.2,2026-09-19 14:00:00
9.86,12.04,12.61,50.0,15.6,32.4,999.9,2026-09-19 15:00:00
9.48,11.65,12.2,50.0,15.9,31.6,1000.7,2026-09-19 16:00:00
7.92,9.88,10.35,49.0,14.6,30.5,1001.6,2026-09-19 17:00:00
9.0,11.79,12.34,57.0,13.2,29.6,1002.2,2026-09-19 18:00:00
8.21,10.56,11.06,66.0,13.6,29.7,1003.5,2026-09-19 19:00:00
7.89,9.99,10.46,71.0,11.9,29.4,1004.3,2026-09-19 20:00:00
6.97,8.88,9.3,74.0,11.6,29.1,1004.9,2026-09-19 21:00:00
6.31,8.13,8.52,75.0,10.3,28.9,1005.3,2026-09-19 22:00:00
5.48,7.11,7.44,81.0,9.3,28.8,1005.3,2026-09-19 23:00:00
4.97,6.44,6.75,80.0,8.1,28.5,1004.6,2026-09-20 00:00:00
4.67,6.16,6.45,77.0,7.4,28.1,1004.4,2026-09-20 01:00:00
3.86,5.06,5.3,77.0,6.8,28.0,1003.9,2026-09-20 02:00:00
3.38,4.39,4.6,71.0,5.8,27.7,1003.5,2026-09-20 03:00:00
3.56,4.65,4.87,75.0,5.4,27.5,1003.3,2026-09-20 04:00:00
3.69,4.75,4.98,80.0,5.6,27.4,1003.4,2026-09-20 05:00:00
3.86,5.01,5.25,97.0,5.8,27.6,1003.8,2026-09-20 06:00:00
3.57,4.25,4.46,100.0,6.7,28.9,1003.9,2026-09-20 07:00:00
3.53,3.94,4.12,102.0,6.6,30.5,1004.7,2026-09-20 08:00:00
3.41,3.85,4.04,103.0,7.0,32.9,1004.8,2026-09-20 09:00:00
2.59,3.2,3.35,98.0,7.0,34.4,1004.6,2026-09-20 10:00:00
3.23,3.39,3.55,35.0,7.1,33.5,1004.0,2026-09-20 11:00:00
6.09,6.66,6.98,21.0,10.5,32.4,1003.1,2026-09-20 12:00:00
6.38,7.46,7.82,16.0,13.1,32.1,1003.0,2026-09-20 13:00:00
6.22,8.78,9.2,31.0,11.2,30.1,1002.2,2026-09-20 14:00:00
6.32,8.72,9.13,28.0,10.5,29.6,1001.2,2026-09-20 15:00:00
6.57,9.24,9.67,32.0,10.8,28.9,1001.0,2026-09-20 16:00:00
6.83,9.82,10.28,32.0,10.6,28.5,1001.2,2026-09-20 17:00:00
6.84,10.56,11.06,42.0,10.5,28.1,1001.7,2026-09-20 18:00:00
6.81,8.65,9.05,38.0,10.1,28.7,1003.0,2026-09-20 19:00:00
6.25,8.14,8.53,42.0,10.1,28.6,1004.0,2026-09-20 20:00:00
5.88,7.93,8.31,51.0,9.4,28.6,1004.7,2026-09-20 21:00:00
5.27,7.24,7.58,53.0,8.8,28.4,1005.1,2026-09-20 22:00:00
4.87,6.86,7.19,59.0,7.9,28.2,1005.0,2026-09-20 23:00:00
4.15,6.02,6.31,66.0,7.3,28.1,1004.7,2026-09-21 00:00:00
3.71,5.36,5.62,71.0,6.2,28.1,1004.2,2026-09-21 01:00:00
3.89,5.51,5.77,77.0,5.7,28.0,1003.2,2026-09-21 02:00:00
4.16,5.98,6.27,80.0,6.1,27.9,1002.7,2026-09-21 03:00:00
3.94,5.71,5.98,82.0,6.1,27.8,1002.7,2026-09-21 04:00:00
3.64,5.22,5.47,87.0,5.8,27.7,1003.0,2026-09-21 05:00:00
2.3,3.65,3.83,99.0,5.3,27.8,1003.6,2026-09-21 06:00:00
3.45,4.15,4.35,93.0,3.9,28.9,1004.6,2026-09-21 07:00:00
2.78,3.21,3.37,104.0,6.0,30.3,1005.3,2026-09-21 08:00:00
1.97,2.27,2.37,99.0,5.7,32.0,1005.8,2026-09-21 09:00:00
2.8,2.49,2.61,50.0,6.3,32.9,1005.4,2026-09-21 10:00:00
4.31,3.77,3.95,5.0,8.1,32.9,1004.7,2026-09-21 11:00:00
6.11,6.44,6.74,2.0,11.0,32.3,1004.2,2026-09-21 12:00:00
5.74,6.52,6.82,26.0,11.0,32.7,1004.3,2026-09-21 13:00:00
6.24,7.86,8.23,36.0,10.6,31.3,1003.3,2026-09-21 14:00:00
5.64,6.98,7.3,34.0,10.5,30.9,1002.5,2026-09-21 15:00:00
3.9,4.79,5.02,44.0,9.5,31.3,1002.4,2026-09-21 16:00:00
4.41,5.2,5.44,39.0,7.9,30.5,1002.2,2026-09-21 17:00:00
3.04,3.47,3.63,66.0,7.0,30.5,1002.7,2026-09-21 18:00:00
6.52,8.8,9.21,67.0,5.0,31.1,1003.7,2026-09-21 19:00:00
6.92,8.55,8.95,74.0,10.2,30.7,1004.1,2026-09-21 20:00:00
6.25,7.87,8.24,76.0,10.2,30.1,1004.7,2026-09-21 21:00:00
5.75,7.25,7.6,79.0,9.3,29.9,1005.0,2026-09-21 22:00:00
4.42,5.7,5.97,83.0,8.5,29.7,1005.0,2026-09-21 23:00:00
3.21,4.22,4.42,83.0,6.5,29.5,1004.7,2026-09-22 00:00:00
2.59,3.61,3.78,89.0,4.8,29.2,1004.7,2026-09-22 01:00:00
2.67,3.32,3.47,80.0,3.9,28.8,1003.9,2026-09-22 02:00:00
3.29,4.1,4.29,72.0,4.8,28.4,1003.7,2026-09-22 03:00:00
3.57,4.41,4.62,72.0,5.3,28.0,1003.6,2026-09-22 04:00:00
3.45,4.36,4.57,74.0,5.3,27.8,1003.9,2026-09-22 05:00:00
3.32,4.35,4.56,77.0,5.1,27.7,1004.4,2026-09-22 06:00:00
4.4,5.09,5.33,78.0,6.1,28.6,1005.3,2026-09-22 07:00:00
3.97,4.38,4.58,82.0,7.3,29.9,1005.9,2026-09-22 08:00:00
3.75,4.29,4.49,92.0,7.3,32.2,1006.4,2026-09-22 09:00:00
4.19,4.93,5.16,87.0,7.9,34.7,1005.9,2026-09-22 10:00:00
5.07,5.98,6.26,84.0,9.7,36.3,1004.9,2026-09-22 11:00:00
5.93,6.98,7.31,86.0,10.7,37.4,1003.7,2026-09-22 12:00:00
7.04,8.12,8.5,66.0,11.0,36.5,1003.3,2026-09-22 13:00:00
8.4,10.68,11.19,60.0,13.0,33.6,1002.5,2026-09-22 14:00:00
9.6,12.05,12.62,63.0,14.7,33.0,1001.8,2026-09-22 15:00:00
10.35,12.41,12.99,62.0,15.4,32.1,1001.5,2026-09-22 16:00:00
10.25,12.97,13.58,64.0,15.6,30.8,1001.8,2026-09-22 17:00:00
8.82,11.21,11.74,70.0,15.1,29.6,1002.7,2026-09-22 18:00:00
8.88,10.73,11.24,70.0,12.9,29.5,1003.4,2026-09-22 19:00:00
8.06,9.68,10.14,75.0,12.9,29.2,1004.4,2026-09-22 20:00:00
7.86,9.42,9.87,77.0,11.9,29.0,1005.1,2026-09-22 21:00:00
7.27,8.73,9.14,79.0,11.5,28.7,1005.2,2026-09-22 22:00:00
7.04,8.5,8.9,80.0,10.7,28.4,1005.3,2026-09-22 23:00:00
6.74,8.28,8.67,78.0,10.3,28.0,1004.7,2026-09-23 00:00:00
7.23,8.98,9.4,74.0,10.0,27.5,1004.5,2026-09-23 01:00:00
7.02,8.95,9.37,77.0,10.5,27.2,1004.1,2026-09-23 02:00:00
6.82,8.84,9.26,79.0,10.1,26.9,1003.9,2026-09-23 03:00:00
6.84,8.76,9.18,78.0,9.9,26.7,1003.8,2026-09-23 04:00:00
7.34,9.34,9.78,77.0,10.4,26.9,1004.1,2026-09-23 05:00:00
7.72,9.82,10.28,79.0,11.0,27.0,1004.4,2026-09-23 06:00:00
8.2,9.65,10.11,78.0,12.5,28.2,1004.8,2026-09-23 07:00:00
8.35,9.48,9.93,81.0,12.9,30.2,1005.4,2026-09-23 08:00:00
8.14,9.09,9.52,86.0,13.1,32.8,1005.7,2026-09-23 09:00:00
7.94,8.83,9.24,84.0,13.0,34.9,1005.4,2026-09-23 10:00:00
8.0,9.0,9.43,78.0,13.2,36.0,1004.9,2026-09-23 11:00:00
8.03,9.11,9.54,71.0,13.3,36.3,1003.9,2026-09-23 12:00:00
9.24,11.14,11.67,53.0,15.0,34.6,1003.2,2026-09-23 13:00:00
10.62,13.3,13.93,49.0,16.1,32.2,1002.5,2026-09-23 14:00:00
10.88,13.52,14.16,55.0,16.7,32.0,1001.9,2026-09-23 15:00:00
9.55,11.76,12.32,55.0,16.4,30.9,1001.8,2026-09-23 16:00:00
8.91,11.04,11.56,54.0,14.4,29.6,1001.8,2026-09-23 17:00:00
8.59,10.78,11.28,58.0,13.2,28.6,1002.4,2026-09-23 18:00:00
9.15,11.14,11.67,62.0,12.5,28.9,1003.4,2026-09-23 19:00:00
8.63,10.55,11.05,64.0,13.4,28.9,1004.1,2026-09-23 20:00:00
8.52,10.44,10.94,69.0,12.8,28.7,1004.7,2026-09-23 21:00:00
7.58,9.39,9.84,74.0,12.5,28.4,1004.9,2026-09-23 22:00:00
7.06,8.82,9.24,78.0,11.1,28.3,1005.1,2026-09-23 23:00:00
7.53,9.68,10.14,82.0,10.7,28.1,1004.5,2026-09-24 00:00:00
7.18,9.38,9.82,83.0,11.0,27.7,1004.0,2026-09-24 01:00:00
6.75,8.9,9.32,82.0,10.4,27.6,1003.4,2026-09-24 02:00:00
6.69,8.84,9.25,81.0,9.8,27.3,1003.1,2026-09-24 03:00:00
6.52,8.64,9.05,79.0,9.6,27.2,1003.2,2026-09-24 04:00:00
6.73,8.8,9.22,79.0,9.6,27.2,1003.4,2026-09-24 05:00:00
6.86,8.92,9.34,80.0,9.9,27.4,1003.7,2026-09-24 06:00:00
7.62,8.98,9.41,79.0,10.8,28.6,1004.7,2026-09-24 07:00:00
7.8,8.89,9.31,81.0,12.1,30.6,1005.2,2026-09-24 08:00:00
8.25,9.26,9.7,91.0,13.1,33.3,1005.2,2026-09-24 09:00:00
8.38,9.5,9.95,96.0,13.8,35.5,1004.7,2026-09-24 10:00:00
8.3,9.26,9.69,98.0,14.1,36.8,1003.9,2026-09-24 11:00:00
7.51,8.32,8.71,95.0,13.8,37.5,1002.9,2026-09-24 12:00:00
8.28,9.17,9.6,80.0,12.7,37.8,1001.8,2026-09-24 13:00:00
8.94,10.05,10.53,70.0,14.2,36.3,1000.6,2026-09-24 14:00:00
10.04,11.27,11.8,64.0,15.6,34.8,999.9,2026-09-24 15:00:00
10.91,12.45,13.04,65.0,16.5,33.8,999.9,2026-09-24 16:00:00
11.11,13.08,13.7,76.0,16.9,32.8,1000.7,2026-09-24 17:00:00
9.85,12.05,12.62,82.0,16.5,31.4,1001.9,2026-09-24 18:00:00
8.82,10.83,11.34,84.0,14.5,30.7,1003.1,2026-09-24 19:00:00
7.07,8.64,9.05,87.0,12.8,30.1,1003.9,2026-09-24 20:00:00
5.63,6.81,7.13,81.0,10.3,29.8,1004.3,2026-09-24 21:00:00
5.73,6.79,7.11,69.0,8.5,29.2,1004.5,2026-09-24 22:00:00
6.25,7.44,7.79,68.0,9.0,28.6,1004.4,2026-09-24 23:00:00
6.89,8.36,8.76,69.0,10.0,28.2,1003.8,2026-09-25 00:00:00
6.83,8.4,8.79,68.0,10.5,27.8,1003.4,2026-09-25 01:00:00
7.09,8.76,9.17,69.0,10.3,27.4,1003.0,2026-09-25 02:00:00
7.1,8.99,9.41,74.0,10.5,27.2,1003.0,2026-09-25 03:00:00
6.67,8.42,8.82,80.0,10.3,27.1,1003.5,2026-09-25 04:00:00
6.21,8.05,8.43,83.0,9.7,27.1,1004.0,2026-09-25 05:00:00
6.11,8.01,8.39,83.0,9.0,27.3,1004.5,2026-09-25 06:00:00
7.53,8.86,9.28,78.0,10.1,28.6,1005.1,2026-09-25 07:00:00
7.5,8.56,8.96,82.0,12.2,30.5,1005.6,2026-09-25 08:00:00
7.18,7.95,8.33,87.0,11.9,33.2,1006.1,2026-09-25 09:00:00
6.89,7.76,8.13,86.0,12.2,35.3,1005.6,2026-09-25 10:00:00
6.76,7.73,8.09,85.0,12.2,36.6,1004.8,2026-09-25 11:00:00
6.71,7.82,8.19,80.0,12.0,36.9,1003.5,2026-09-25 12:00:00
7.74,8.85,9.27,65.0,12.3,36.1,1003.2,2026-09-25 13:00:00
8.43,9.81,10.28,62.0,13.2,35.1,1002.1,2026-09-25 14:00:00
9.16,10.23,10.71,69.0,14.3,34.9,1001.6,2026-09-25 15:00:00
8.36,9.57,10.02,67.0,14.2,34.4,1001.7,2026-09-25 16:00:00
8.14,9.33,9.77,74.0,12.9,33.3,1001.9,2026-09-25 17:00:00
8.7,10.7,11.2,71.0,12.8,31.4,1002.7,2026-09-25 18:00:00
8.5,10.26,10.74,77.0,12.8,30.8,1003.7,2026-09-25 19:00:00
7.19,8.65,9.06,77.0,12.4,30.2,1004.7,2026-09-25 20:00:00
6.74,8.2,8.59,76.0,10.7,29.7,1005.2,2026-09-25 21:00:00
6.57,8.06,8.44,77.0,10.0,29.4,1005.5,2026-09-25 22:00:00
6.19,7.53,7.89,82.0,9.7,29.2,1005.4,2026-09-25 23:00:00
5.93,7.18,7.52,82.0,9.1,28.9,1005.1,2026-09-26 00:00:00
6.2,7.47,7.83,78.0,8.8,28.2,1004.7,2026-09-26 01:00:00
5.66,6.97,7.3,80.0,9.1,28.0,1004.2,2026-09-26 02:00:00
5.57,6.73,7.05,78.0,8.3,27.7,1003.8,2026-09-26 03:00:00
5.46,6.69,7.01,77.0,8.2,27.5,1003.8,2026-09-26 04:00:00
5.54,6.86,7.19,79.0,8.0,27.3,1003.8,2026-09-26 05:00:00
5.37,6.83,7.16,80.0,8.0,27.3,1003.9,2026-09-26 06:00:00
6.19,7.2,7.54,81.0,9.1,28.7,1005.0,2026-09-26 07:00:00
6.73,7.57,7.93,83.0,10.7,30.4,1005.2,2026-09-26 08:00:00
6.59,7.27,7.61,83.0,11.1,32.9,1005.7,2026-09-26 09:00:00
5.83,6.67,6.98,84.0,10.9,34.9,1005.6,2026-09-26 10:00:00
5.68,6.44,6.74,87.0,10.7,36.1,1005.0,2026-09-26 11:00:00
5.57,6.43,6.73,83.0,10.4,36.6,1003.9,2026-09-26 12:00:00
6.55,7.67,8.04,68.0,11.4,36.3,1003.6,2026-09-26 13:00:00
7.4,8.75,9.16,58.0,11.7,34.2,1002.4,2026-09-26 14:00:00
9.95,12.24,12.82,53.0,15.3,32.3,1001.8,2026-09-26 15:00:00
9.29,11.55,12.1,58.0,15.5,31.9,1002.3,2026-09-26 16:00:00
8.93,10.82,11.33,61.0,14.3,31.0,1002.6,2026-09-26 17:00:00
8.24,10.77,11.28,62.0,13.2,29.6,1003.4,2026-09-26 18:00:00
8.75,10.7,11.21,62.0,12.1,29.5,1004.1,2026-09-26 19:00:00
7.42,9.0,9.43,68.0,12.7,29.3,1004.9,2026-09-26 20:00:00
6.8,8.17,8.56,74.0,11.0,29.2,1005.5,2026-09-26 21:00:00
6.42,7.67,8.03,76.0,10.0,29.1,1006.0,2026-09-26 22:00:00
6.28,7.45,7.8,76.0,9.4,28.7,1005.9,2026-09-26 23:00:00
6.16,7.23,7.57,78.0,9.4,28.4,1005.5,2026-09-27 00:00:00
6.07,6.91,7.24,79.0,9.3,27.9,1005.7,2026-09-27 01:00:00
6.01,6.95,7.28,79.0,8.9,27.7,1004.7,2026-09-27 02:00:00
5.43,6.56,6.87,84.0,8.7,27.6,1004.5,2026-09-27 03:00:00
4.31,5.31,5.56,88.0,7.9,27.4,1004.8,2026-09-27 04:00:00
3.52,4.59,4.8,88.0,6.2,27.2,1005.0,2026-09-27 05:00:00
2.95,4.19,4.39,91.0,5.1,27.3,1005.3,2026-09-27 06:00:00
5.05,5.8,6.08,75.0,5.3,28.8,1005.9,2026-09-27 07:00:00
5.49,6.12,6.41,73.0,9.0,30.2,1006.3,2026-09-27 08:00:00
5.56,6.19,6.48,90.0,9.5,32.5,1007.1,2026-09-27 09:00:00
5.49,6.32,6.62,84.0,9.5,33.7,1006.4,2026-09-27 10:00:00
5.55,6.5,6.81,85.0,9.7,34.6,1005.6,2026-09-27 11:00:00
5.42,6.24,6.53,83.0,9.7,35.3,1004.6,2026-09-27 12:00:00
5.51,6.47,6.78,63.0,9.8,34.9,1004.2,2026-09-27 13:00:00
6.55,7.92,8.29,50.0,10.8,33.0,1003.1,2026-09-27 14:00:00
9.64,12.27,12.85,45.0,14.7,31.6,1002.3,2026-09-27 15:00:00
10.33,12.89,13.49,51.0,16.1,31.0,1002.4,2026-09-27 16:00:00
9.47,11.41,11.95,56.0,15.7,30.4,1003.1,2026-09-27 17:00:00
8.16,9.84,10.31,57.0,14.0,29.4,1003.8,2026-09-27 18:00:00
8.09,10.03,10.5,59.0,12.0,28.8,1005.1,2026-09-27 19:00:00
7.6,9.11,9.54,65.0,11.7,28.8,1006.1,2026-09-27 20:00:00
6.83,8.34,8.74,67.0,10.9,28.6,1006.7,2026-09-27 21:00:00
6.71,8.39,8.79,75.0,9.7,28.6,1007.2,2026-09-27 22:00:00
6.55,8.07,8.45,76.0,9.7,28.3,1007.0,2026-09-27 23:00:00
6.03,7.46,7.82,78.0,9.4,28.0,1006.5,2026-09-28 00:00:00
5.61,7.06,7.39,81.0,8.6,27.7,1006.7,2026-09-28 01:00:00
5.43,6.62,6.93,81.0,8.1,27.7,1005.8,2026-09-28 02:00:00
5.97,7.26,7.61,78.0,8.5,27.5,1005.1,2026-09-28 03:00:00
5.42,6.8,7.12,95.0,8.6,27.4,1005.6,2026-09-28 04:00:00
4.11,5.4,5.66,100.0,7.7,27.3,1005.7,2026-09-28 05:00:00
4.25,5.46,5.72,88.0,6.0,27.5,1005.7,2026-09-28 06:00:00
5.65,6.63,6.94,90.0,8.4,28.9,1006.6,2026-09-28 07:00:00
4.89,5.53,5.79,104.0,8.7,30.5,1007.2,2026-09-28 08:00:00
5.04,5.54,5.81,103.0,9.3,32.4,1007.2,2026-09-28 09:00:00
5.21,5.88,6.16,96.0,9.8,34.1,1006.9,2026-09-28 10:00:00
4.37,5.12,5.36,87.0,9.8,35.0,1006.1,2026-09-28 11:00:00
4.44,5.28,5.52,78.0,8.6,35.0,1005.0,2026-09-28 12:00:00
5.09,5.9,6.18,70.0,9.2,35.1,1004.8,2026-09-28 13:00:00
6.65,7.8,8.17,51.0,10.6,32.2,1004.0,2026-09-28 14:00:00
8.75,10.58,11.08,47.0,13.1,30.8,1003.0,2026-09-28 15:00:00
9.51,11.49,12.03,55.0,14.4,30.5,1002.8,2026-09-28 16:00:00
9.07,11.02,11.54,57.0,14.3,29.9,1003.1,2026-09-28 17:00:00
8.85,11.16,11.69,60.0,13.3,29.3,1003.5,2026-09-28 18:00:00
9.31,11.19,11.72,66.0,13.0,29.4,1004.5,2026-09-28 19:00:00
9.17,11.03,11.55,69.0,13.6,29.2,1005.5,2026-09-28 20:00:00
9.28,11.37,11.91,71.0,13.5,29.2,1005.9,2026-09-28 21:00:00
8.5,10.4,10.89,76.0,13.6,28.9,1006.2,2026-09-28 22:00:00
7.6,9.28,9.72,79.0,12.3,28.6,1005.8,2026-09-28 23:00:00
7.12,9.05,9.48,79.0,11.0,28.7,1004.9,2026-09-29 00:00:00
7.87,9.73,10.19,79.0,10.8,28.4,1004.9,2026-09-29 01:00:00
6.77,8.5,8.9,83.0,11.3,28.1,1004.3,2026-09-29 02:00:00
7.15,9.02,9.45,84.0,10.2,27.9,1003.8,2026-09-29 03:00:00
6.95,8.97,9.39,91.0,10.4,27.7,1003.6,2026-09-29 04:00:00
6.85,8.88,9.3,93.0,10.0,27.7,1003.6,2026-09-29 05:00:00
7.3,9.41,9.86,92.0,10.5,27.7,1003.6,2026-09-29 06:00:00
6.9,8.24,8.63,89.0,11.1,29.4,1004.6,2026-09-29 07:00:00
7.13,8.11,8.49,86.0,11.2,31.3,1005.1,2026-09-29 08:00:00
7.61,8.42,8.81,82.0,13.1,33.2,1005.3,2026-09-29 09:00:00
7.6,8.58,8.99,76.0,13.2,34.7,1005.0,2026-09-29 10:00:00
8.01,9.08,9.51,67.0,13.2,35.1,1004.3,2026-09-29 11:00:00
9.54,10.9,11.41,58.0,15.1,35.0,1002.9,2026-09-29 12:00:00
11.03,13.37,14.0,51.0,17.4,33.9,1002.1,2026-09-29 13:00:00
11.36,14.19,14.86,52.0,17.5,32.6,1001.4,2026-09-29 14:00:00
10.64,12.97,13.59,53.0,17.5,32.1,1000.7,2026-09-29 15:00:00
10.05,11.76,12.32,55.0,16.3,31.5,1000.7,2026-09-29 16:00:00
9.37,11.09,11.61,58.0,15.2,30.4,1000.9,2026-09-29 17:00:00
8.88,10.59,11.09,64.0,13.9,29.5,1001.3,2026-09-29 18:00:00
8.77,11.05,11.57,67.0,13.0,29.3,1002.2,2026-09-29 19:00:00
9.15,11.16,11.69,70.0,13.3,29.3,1002.9,2026-09-29 20:00:00
9.19,11.36,11.89,72.0,13.4,29.2,1003.7,2026-09-29 21:00:00
9.02,11.33,11.86,75.0,13.3,29.0,1004.0,2026-09-29 22:00:00
8.86,11.33,11.86,79.0,13.1,28.7,1003.9,2026-09-29 23:00:00
8.58,10.9,11.42,81.0,12.8,28.5,1003.3,2026-09-30 00:00:00
8.59,11.02,11.54,81.0,12.4,28.3,1002.9,2026-09-30 01:00:00
8.47,10.74,11.24,82.0,12.4,28.0,1002.0,2026-09-30 02:00:00
7.98,10.26,10.74,83.0,12.2,27.8,1001.4,2026-09-30 03:00:00
7.79,9.97,10.44,83.0,11.5,27.7,1001.6,2026-09-30 04:00:00
7.57,9.71,10.17,84.0,11.2,27.6,1002.0,2026-09-30 05:00:00
7.28,9.38,9.82,83.0,10.9,27.6,1002.5,2026-09-30 06:00:00
7.8,9.21,9.64,82.0,11.7,28.9,1003.3,2026-09-30 07:00:00
8.09,9.29,9.73,85.0,12.6,31.0,1003.8,2026-09-30 08:00:00
8.38,9.38,9.82,86.0,13.2,33.1,1004.0,2026-09-30 09:00:00
8.44,9.56,10.01,81.0,13.6,35.1,1003.9,2026-09-30 10:00:00
9.0,10.18,10.66,74.0,14.4,35.6,1003.0,2026-09-30 11:00:00
9.57,10.95,11.46,65.0,15.2,35.2,1001.7,2026-09-30 12:00:00
9.9,11.36,11.9,62.0,16.9,34.8,1001.6,2026-09-30 13:00:00
11.32,13.38,14.01,56.0,17.1,32.8,1000.2,2026-09-30 14:00:00
11.32,13.52,14.16,54.0,17.3,31.7,1000.0,2026-09-30 15:00:00
10.67,12.74,13.34,52.0,17.1,30.7,1000.0,2026-09-30 16:00:00
10.01,11.87,12.43,59.0,15.9,30.0,1000.4,2026-09-30 17:00:00
9.15,11.12,11.64,64.0,14.7,29.2,1001.1,2026-09-30 18:00:00
8.66,11.0,11.52,67.0,13.1,29.2,1002.4,2026-09-30 19:00:00
8.34,10.09,10.57,69.0,12.8,29.3,1003.4,2026-09-30 20:00:00
7.98,9.94,10.41,70.0,12.0,29.1,1004.2,2026-09-30 21:00:00
8.05,10.17,10.65,74.0,11.6,28.9,1004.4,2026-09-30 22:00:00
7.52,9.59,10.04,77.0,11.6,28.6,1004.3,2026-09-30 23:00:00
7.15,9.18,9.61,78.0,10.8,28.4,1004.1,2026-10-01 00:00:00
7.55,9.51,9.95,75.0,10.4,28.1,1003.6,2026-10-01 01:00:00
7.49,9.33,9.77,76.0,10.9,27.8,1002.8,2026-10-01 02:00:00
7.6,9.59,10.04,75.0,10.9,27.6,1002.2,2026-10-01 03:00:00
7.23,9.3,9.74,82.0,11.0,27.6,1002.5,2026-10-01 04:00:00
6.69,8.66,9.07,85.0,10.4,27.6,1002.9,2026-10-01 05:00:00
5.91,7.66,8.02,88.0,9.5,27.7,1003.3,2026-10-01 06:00:00
5.95,6.93,7.26,93.0,9.5,28.9,1004.1,2026-10-01 07:00:00
6.35,7.16,7.5,90.0,10.2,30.7,1004.2,2026-10-01 08:00:00
6.15,6.93,7.26,94.0,10.3,32.9,1004.5,2026-10-01 09:00:00
6.43,7.14,7.48,98.0,11.3,35.0,1004.0,2026-10-01 10:00:00
6.11,6.63,6.94,104.0,11.3,36.3,1003.5,2026-10-01 11:00:00
6.1,6.79,7.11,80.0,11.1,35.4,1002.7,2026-10-01 12:00:00
7.13,8.53,8.94,58.0,12.8,34.3,1002.1,2026-10-01 13:00:00
8.84,11.12,11.65,52.0,13.7,32.3,1001.5,2026-10-01 14:00:00
10.19,12.74,13.34,55.0,15.6,31.8,1000.1,2026-10-01 15:00:00
10.16,12.6,13.19,55.0,15.6,31.0,1000.4,2026-10-01 16:00:00
9.67,12.23,12.81,56.0,15.2,30.0,1000.8,2026-10-01 17:00:00
8.52,10.54,11.03,61.0,14.2,29.0,1001.5,2026-10-01 18:00:00
8.88,10.85,11.36,66.0,12.3,29.6,1002.7,2026-10-01 19:00:00
8.94,10.9,11.41,71.0,13.1,29.4,1003.4,2026-10-01 20:00:00
8.46,10.36,10.85,74.0,13.1,29.2,1004.0,2026-10-01 21:00:00
8.08,9.95,10.42,75.0,12.3,28.9,1004.0,2026-10-01 22:00:00
8.0,9.91,10.38,80.0,11.7,28.7,1003.6,2026-10-01 23:00:00
6.75,8.44,8.83,81.0,11.6,28.4,1003.1,2026-10-02 00:00:00
7.08,8.79,9.21,76.0,9.8,28.2,1003.2,2026-10-02 01:00:00
6.86,8.78,9.19,74.0,10.2,28.0,1002.8,2026-10-02 02:00:00
6.61,8.55,8.95,76.0,9.9,27.8,1002.4,2026-10-02 03:00:00
6.31,8.33,8.72,82.0,9.5,28.0,1002.3,2026-10-02 04:00:00
6.58,8.78,9.19,84.0,9.5,27.8,1002.4,2026-10-02 05:00:00
7.35,9.8,10.26,91.0,10.5,28.3,1002.8,2026-10-02 06:00:00
6.86,8.34,8.73,88.0,10.7,29.5,1004.3,2026-10-02 07:00:00
7.64,8.89,9.31,87.0,11.9,31.6,1004.1,2026-10-02 08:00:00
7.62,8.72,9.13,96.0,13.1,34.2,1004.0,2026-10-02 09:00:00
8.13,9.23,9.67,102.0,13.8,36.2,1004.1,2026-10-02 10:00:00
8.2,9.43,9.88,107.0,13.8,37.0,1003.3,2026-10-02 11:00:00
7.63,8.48,8.88,107.0,13.9,37.5,1002.2,2026-10-02 12:00:00
7.96,8.69,9.1,108.0,13.6,37.6,1001.7,2026-10-02 13:00:00
7.57,8.38,8.78,113.0,12.5,36.1,1000.7,2026-10-02 14:00:00
6.74,7.75,8.11,99.0,12.1,35.4,1000.1,2026-10-02 15:00:00
6.68,7.52,7.88,80.0,10.8,33.5,1000.2,2026-10-02 16:00:00
8.38,10.3,10.78,59.0,12.3,31.2,1000.5,2026-10-02 17:00:00
9.21,11.62,12.17,65.0,13.8,30.0,1001.4,2026-10-02 18:00:00
8.64,10.94,11.46,71.0,13.5,30.0,1002.7,2026-10-02 19:00:00
8.38,10.37,10.86,73.0,12.6,29.7,1003.5,2026-10-02 20:00:00
8.36,10.44,10.93,77.0,12.6,29.5,1004.2,2026-10-02 21:00:00
7.18,9.09,9.52,80.0,12.2,29.2,1004.3,2026-10-02 22:00:00
6.63,8.51,8.91,77.0,10.6,28.9,1003.7,2026-10-02 23:00:00
6.46,8.37,8.76,82.0,9.9,28.7,1003.7,2026-10-03 00:00:00
6.12,7.9,8.27,83.0,9.4,28.8,1003.0,2026-10-03 01:00:00
5.69,7.57,7.93,86.0,8.9,28.4,1002.7,2026-10-03 02:00:00
5.77,7.68,8.04,82.0,8.3,28.2,1002.5,2026-10-03 03:00:00
5.72,7.61,7.97,88.0,8.5,28.1,1002.8,2026-10-03 04:00:00
5.65,7.57,7.92,93.0,8.3,27.9,1003.1,2026-10-03 05:00:00
5.8,7.81,8.18,94.0,8.4,28.0,1003.4,2026-10-03 06:00:00
7.05,8.64,9.05,93.0,9.2,29.5,1003.9,2026-10-03 07:00:00
7.98,9.2,9.64,102.0,12.2,31.8,1004.2,2026-10-03 08:00:00
8.35,9.52,9.97,109.0,13.3,34.0,1004.8,2026-10-03 09:00:00
8.38,9.4,9.85,114.0,13.5,35.5,1005.0,2026-10-03 10:00:00
7.64,8.63,9.04,115.0,13.7,36.6,1004.6,2026-10-03 11:00:00
6.96,7.61,7.97,118.0,12.9,37.1,1003.5,2026-10-03 12:00:00
5.35,5.63,5.9,111.0,12.2,37.9,1003.1,2026-10-03 13:00:00
6.15,6.47,6.78,102.0,10.3,36.7,1002.2,2026-10-03 14:00:00
6.42,7.07,7.4,97.0,10.4,36.0,1001.8,2026-10-03 15:00:00
6.29,7.29,7.64,107.0,11.5,34.5,1002.5,2026-10-03 16:00:00
2.74,2.59,2.71,250.0,9.9,29.4,1003.6,2026-10-03 17:00:00
3.49,3.81,3.99,184.0,7.2,27.4,1004.9,2026-10-03 18:00:00
2.36,3.64,3.81,162.0,5.9,26.8,1005.7,2026-10-03 19:00:00
1.92,2.89,3.03,174.0,4.6,28.3,1006.8,2026-10-03 20:00:00
3.2,3.65,3.82,199.0,5.1,28.3,1006.9,2026-10-03 21:00:00
2.87,3.19,3.34,214.0,6.8,27.5,1007.0,2026-10-03 22:00:00
3.65,4.09,4.28,149.0,6.0,27.1,1006.9,2026-10-03 23:00:00
2.93,3.29,3.44,168.0,5.6,26.6,1006.1,2026-10-04 00:00:00
2.76,2.97,3.11,215.0,4.6,27.1,1006.7,2026-10-04 01:00:00
2.77,3.15,3.29,229.0,4.2,26.9,1005.9,2026-10-04 02:00:00
2.15,2.29,2.4,243.0,4.2,26.7,1005.2,2026-10-04 03:00:00
1.5,1.32,1.38,231.0,3.3,26.6,1005.0,2026-10-04 04:00:00
0.75,0.45,0.47,311.0,2.3,26.6,1005.6,2026-10-04 05:00:00
0.22,0.56,0.58,52.0,1.1,26.7,1006.2,2026-10-04 06:00:00
3.63,4.75,4.98,62.0,3.2,27.9,1006.2,2026-10-04 07:00:00
5.66,6.33,6.63,73.0,8.7,29.5,1006.7,2026-10-04 08:00:00
6.56,7.39,7.74,82.0,10.9,31.9,1007.0,2026-10-04 09:00:00
6.17,7.11,7.44,81.0,10.8,33.4,1006.6,2026-10-04 10:00:00
6.75,7.78,8.15,82.0,11.3,34.4,1005.7,2026-10-04 11:00:00
6.92,7.81,8.18,87.0,11.6,35.0,1004.4,2026-10-04 12:00:00
7.32,8.41,8.81,80.0,12.3,35.0,1003.9,2026-10-04 13:00:00
6.05,6.88,7.2,92.0,11.4,32.9,1003.5,2026-10-04 14:00:00
6.95,8.07,8.45,85.0,10.8,33.3,1002.9,2026-10-04 15:00:00
7.66,9.1,9.53,70.0,11.3,31.6,1003.1,2026-10-04 16:00:00
9.1,11.13,11.66,68.0,13.3,30.3,1003.1,2026-10-04 17:00:00
8.1,10.56,11.06,70.0,13.3,29.1,1003.7,2026-10-04 18:00:00
8.56,10.78,11.29,75.0,12.0,30.0,1004.7,2026-10-04 19:00:00
8.8,11.19,11.71,77.0,13.0,29.8,1005.2,2026-10-04 20:00:00
8.4,10.89,11.4,79.0,13.0,29.4,1005.6,2026-10-04 21:00:00
8.74,11.2,11.73,85.0,12.8,29.4,1005.5,2026-10-04 22:00:00
8.27,10.73,11.24,87.0,12.8,29.1,1005.3,2026-10-04 23:00:00
7.76,10.14,10.62,89.0,12.0,28.7,1004.6,2026-10-05 00:00:00
7.07,9.17,9.61,87.0,11.3,28.7,1004.6,2026-10-05 01:00:00
6.99,8.85,9.27,85.0,10.2,28.5,1003.6,2026-10-05 02:00:00
6.89,8.69,9.1,86.0,10.2,28.3,1003.6,2026-10-05 03:00:00
6.6,8.48,8.88,90.0,10.0,28.2,1004.0,2026-10-05 04:00:00
6.91,8.87,9.29,89.0,10.1,28.3,1004.3,2026-10-05 05:00:00
7.06,9.11,9.54,89.0,10.2,28.5,1004.6,2026-10-05 06:00:00
7.27,8.93,9.35,87.0,11.5,28.7,1005.2,2026-10-05 07:00:00
7.35,8.63,9.03,90.0,11.3,29.9,1005.9,2026-10-05 08:00:00
7.74,9.05,9.47,100.0,12.2,31.9,1006.1,2026-10-05 09:00:00
8.07,9.44,9.88,103.0,13.1,34.1,1005.7,2026-10-05 10:00:00
8.31,9.55,10.0,106.0,13.7,35.4,1004.8,2026-10-05 11:00:00
7.52,8.57,8.98,98.0,14.0,36.2,1003.1,2026-10-05 12:00:00
7.64,8.8,9.21,80.0,13.1,36.6,1002.4,2026-10-05 13:00:00
7.52,9.1,9.53,70.0,11.8,33.9,1001.3,2026-10-05 14:00:00
9.02,10.75,11.26,62.0,13.6,32.4,1000.7,2026-10-05 15:00:00
9.15,11.2,11.73,64.0,14.0,31.8,1000.5,2026-10-05 16:00:00
9.3,11.75,12.3,63.0,13.7,30.3,1000.8,2026-10-05 17:00:00
8.23,10.87,11.38,66.0,13.5,29.0,1001.6,2026-10-05 18:00:00
8.03,10.42,10.91,65.0,11.8,28.9,1002.7,2026-10-05 19:00:00
8.31,10.19,10.67,70.0,12.2,29.2,1003.5,2026-10-05 20:00:00
8.44,10.49,10.98,75.0,12.4,29.1,1004.3,2026-10-05 21:00:00
8.08,10.15,10.63,77.0,12.3,28.9,1004.5,2026-10-05 22:00:00
7.89,10.14,10.62,80.0,11.8,28.6,1004.0,2026-10-05 23:00:00
7.76,10.1,10.57,82.0,11.4,28.3,1003.6,2026-10-06 00:00:00
7.72,9.98,10.45,80.0,11.2,27.8,1003.0,2026-10-06 01:00:00
7.18,9.15,9.58,82.0,11.2,27.7,1002.4,2026-10-06 02:00:00
6.67,8.59,9.0,83.0,10.3,27.6,1002.4,2026-10-06 03:00:00
5.9,7.69,8.05,85.0,9.6,27.5,1002.8,2026-10-06 04:00:00
5.32,6.99,7.32,86.0,8.5,27.4,1003.0,2026-10-06 05:00:00
5.58,7.28,7.63,85.0,7.9,27.5,1003.2,2026-10-06 06:00:00
6.54,7.64,8.0,84.0,9.8,28.6,1004.1,2026-10-06 07:00:00
6.67,7.46,7.81,81.0,10.6,30.4,1004.4,2026-10-06 08:00:00
7.0,7.83,8.2,85.0,11.5,32.8,1004.4,2026-10-06 09:00:00
6.0,6.78,7.1,78.0,11.5,33.9,1004.1,2026-10-06 10:00:00
6.04,6.98,7.31,62.0,11.0,33.5,1003.4,2026-10-06 11:00:00
7.36,8.48,8.88,47.0,12.4,32.7,1002.4,2026-10-06 12:00:00
10.81,12.22,12.79,38.0,14.9,31.7,1002.1,2026-10-06 13:00:00
10.47,12.29,12.87,41.0,16.4,30.7,1001.3,2026-10-06 14:00:00
9.64,11.41,11.95,43.0,16.2,30.1,1000.7,2026-10-06 15:00:00
8.54,9.96,10.43,44.0,14.7,29.7,1000.7,2026-10-06 16:00:00
7.45,8.63,9.04,42.0,12.9,29.0,1001.2,2026-10-06 17:00:00
7.04,8.41,8.81,46.0,11.0,28.7,1001.7,2026-10-06 18:00:00
7.84,10.05,10.52,53.0,10.7,28.8,1002.3,2026-10-06 19:00:00
7.54,9.45,9.9,57.0,11.5,29.0,1003.5,2026-10-06 20:00:00
7.32,9.36,9.8,61.0,10.8,28.9,1004.0,2026-10-06 21:00:00
6.73,8.72,9.14,66.0,10.5,28.9,1003.9,2026-10-06 22:00:00
6.85,8.85,9.26,71.0,9.7,28.7,1003.9,2026-10-06 23:00:00
5.82,7.68,8.04,85.0,9.9,28.1,1003.7,2026-10-07 00:00:00
5.07,6.77,7.09,83.0,8.3,28.0,1002.7,2026-10-07 01:00:00
4.62,6.05,6.34,79.0,7.2,27.9,1002.3,2026-10-07 02:00:00
4.41,5.72,5.99,86.0,6.6,27.8,1002.0,2026-10-07 03:00:00
3.67,4.94,5.17,95.0,6.3,27.7,1001.9,2026-10-07 04:00:00
2.85,4.05,4.24,91.0,5.2,27.7,1002.2,2026-10-07 05:00:00
3.05,4.05,4.24,89.0,4.2,27.9,1003.0,2026-10-07 06:00:00
3.43,3.94,4.12,82.0,5.8,28.9,1003.8,2026-10-07 07:00:00
3.83,4.32,4.52,84.0,6.5,29.8,1004.3,2026-10-07 08:00:00
3.62,4.05,4.25,77.0,7.3,31.6,1004.5,2026-10-07 09:00:00
4.16,4.5,4.71,60.0,8.2,32.4,1004.1,2026-10-07 10:00:00
5.55,5.93,6.21,31.0,10.3,31.4,1003.8,2026-10-07 11:00:00
7.57,8.28,8.67,26.0,12.6,30.3,1002.3,2026-10-07 12:00:00
8.32,9.68,10.14,32.0,14.5,31.5,1001.8,2026-10-07 13:00:00
7.31,9.15,9.58,34.0,12.4,30.2,1001.1,2026-10-07 14:00:00
7.5,8.8,9.21,47.0,12.1,31.4,1000.7,2026-10-07 15:00:00
5.2,6.31,6.61,85.0,11.6,31.6,1000.6,2026-10-07 16:00:00
3.33,4.21,4.41,72.0,8.0,30.7,1001.3,2026-10-07 17:00:00
4.67,5.65,5.92,97.0,7.0,29.5,1002.0,2026-10-07 18:00:00
6.22,8.79,9.2,45.0,6.7,29.2,1001.6,2026-10-07 19:00:00
6.25,7.65,8.01,63.0,9.5,29.4,1002.6,2026-10-07 20:00:00
5.3,6.52,6.83,78.0,9.2,29.7,1003.3,2026-10-07 21:00:00
4.69,5.92,6.2,81.0,7.8,29.6,1003.5,2026-10-07 22:00:00
4.97,6.14,6.43,78.0,7.3,29.3,1003.2,2026-10-07 23:00:00
4.55,5.74,6.01,83.0,7.3,28.9,1002.9,2026-10-08 00:00:00
4.65,6.04,6.33,83.0,6.7,28.7,1002.7,2026-10-08 01:00:00
4.68,6.07,6.35,81.0,6.8,28.4,1001.9,2026-10-08 02:00:00
3.7,4.97,5.21,92.0,6.7,28.3,1001.8,2026-10-08 03:00:00
2.4,3.48,3.65,96.0,5.3,28.1,1002.2,2026-10-08 04:00:00
1.82,2.8,2.93,103.0,3.4,27.9,1002.8,2026-10-08 05:00:00
3.3,4.61,4.82,100.0,4.6,28.0,1002.7,2026-10-08 06:00:00
4.35,4.98,5.21,93.0,5.7,29.1,1003.9,2026-10-08 07:00:00
4.15,4.63,4.85,92.0,7.5,30.4,1004.6,2026-10-08 08:00:00
3.74,4.14,4.33,82.0,7.3,32.2,1004.9,2026-10-08 09:00:00
3.34,3.66,3.83,74.0,8.1,33.7,1004.5,2026-10-08 10:00:00
3.49,3.86,4.04,61.0,8.0,34.3,1003.7,2026-10-08 11:00:00
4.24,5.06,5.3,51.0,8.7,33.9,1002.7,2026-10-08 12:00:00
5.38,6.56,6.87,42.0,9.5,33.3,1001.6,2026-10-08 13:00:00
6.46,8.01,8.38,39.0,10.9,32.8,1001.0,2026-10-08 14:00:00
9.09,11.14,11.67,43.0,13.9,31.7,1000.8,2026-10-08 15:00:00
10.63,13.29,13.91,53.0,15.9,30.7,1001.0,2026-10-08 16:00:00
10.0,12.23,12.81,65.0,15.9,30.7,1001.6,2026-10-08 17:00:00
8.82,10.75,11.26,78.0,14.8,30.3,1002.7,2026-10-08 18:00:00
6.46,7.91,8.28,87.0,12.9,29.8,1003.4,2026-10-08 19:00:00
5.37,6.69,7.01,86.0,9.6,29.6,1004.3,2026-10-08 20:00:00
4.96,6.29,6.59,87.0,8.0,29.5,1005.2,2026-10-08 21:00:00
4.25,5.61,5.87,91.0,7.3,29.3,1005.4,2026-10-08 22:00:00
3.77,4.93,5.17,86.0,6.2,28.9,1005.1,2026-10-08 23:00:00
3.76,4.77,4.99,82.0,5.6,28.6,1004.3,2026-10-09 00:00:00
3.8,5.13,5.37,94.0,5.4,28.4,1003.7,2026-10-09 01:00:00
4.07,5.56,5.82,98.0,5.8,28.3,1003.2,2026-10-09 02:00:00
4.17,5.55,5.81,97.0,6.0,28.1,1003.0,2026-10-09 03:00:00
3.93,5.28,5.52,102.0,6.0,27.8,1003.3,2026-10-09 04:00:00
4.1,5.51,5.77,93.0,5.8,27.7,1003.6,2026-10-09 05:00:00
4.63,6.12,6.4,85.0,6.5,27.9,1004.4,2026-10-09 06:00:00
5.41,6.45,6.76,94.0,8.3,28.9,1004.9,2026-10-09 07:00:00
6.49,7.49,7.85,101.0,10.2,30.8,1005.5,2026-10-09 08:00:00
6.96,7.81,8.18,103.0,11.6,32.6,1005.5,2026-10-09 09:00:00
6.69,7.57,7.92,105.0,11.9,34.2,1005.1,2026-10-09 10:00:00
6.93,7.64,8.01,109.0,12.0,35.3,1004.1,2026-10-09 11:00:00
6.35,7.09,7.43,107.0,12.0,36.0,1002.9,2026-10-09 12:00:00
6.19,6.97,7.3,104.0,11.3,35.4,1002.5,2026-10-09 13:00:00
5.22,5.98,6.27,74.0,10.8,33.6,1002.3,2026-10-09 14:00:00
8.92,10.75,11.26,46.0,13.3,31.5,1001.8,2026-10-09 15:00:00
9.65,11.71,12.26,49.0,15.1,31.0,1002.3,2026-10-09 16:00:00
9.76,11.69,12.24,56.0,14.6,30.0,1002.8,2026-10-09 17:00:00
8.52,10.38,10.87,61.0,14.4,29.5,1003.0,2026-10-09 18:00:00
8.67,10.55,11.05,67.0,12.5,29.0,1004.0,2026-10-09 19:00:00
8.14,10.07,10.55,75.0,12.7,28.9,1004.6,2026-10-09 20:00:00
6.94,8.98,9.41,81.0,11.8,28.6,1005.6,2026-10-09 21:00:00
6.36,8.35,8.75,83.0,9.9,28.3,1005.5,2026-10-09 22:00:00
6.5,8.79,9.2,81.0,9.4,28.1,1004.9,2026-10-09 23:00:00
6.65,8.82,9.23,84.0,9.8,27.8,1004.3,2026-10-10 00:00:00
6.4,8.63,9.04,89.0,9.5,27.7,1003.9,2026-10-10 01:00:00
5.61,7.62,7.98,94.0,9.2,27.5,1003.7,2026-10-10 02:00:00
5.43,7.38,7.73,86.0,8.0,27.4,1003.6,2026-10-10 03:00:00
5.7,7.56,7.92,80.0,8.0,27.2,1003.8,2026-10-10 04:00:00
6.4,8.49,8.89,79.0,9.2,27.1,1004.3,2026-10-10 05:00:00
6.18,8.16,8.54,86.0,9.1,27.2,1004.9,2026-10-10 06:00:00
7.01,8.34,8.73,89.0,10.4,28.4,1005.5,2026-10-10 07:00:00
7.6,8.77,9.19,90.0,11.7,29.9,1005.9,2026-10-10 08:00:00
8.05,9.27,9.71,93.0,12.6,32.1,1005.9,2026-10-10 09:00:00
8.08,9.18,9.61,97.0,13.0,34.0,1005.6,2026-10-10 10:00:00
7.51,8.43,8.83,89.0,12.9,35.0,1004.6,2026-10-10 11:00:00
7.22,8.11,8.49,77.0,12.4,35.0,1003.4,2026-10-10 12:00:00
7.44,8.5,8.9,63.0,12.3,34.4,1002.4,2026-10-10 13:00:00
9.8,11.31,11.84,47.0,15.0,32.7,1002.0,2026-10-10 14:00:00
11.4,13.3,13.92,51.0,17.3,31.7,1001.7,2026-10-10 15:00:00
10.86,12.75,13.35,52.0,17.3,30.8,1001.7,2026-10-10 16:00:00
9.94,11.63,12.17,59.0,16.3,30.1,1002.4,2026-10-10 17:00:00
9.11,11.05,11.57,62.0,14.7,29.3,1003.0,2026-10-10 18:00:00
9.02,10.96,11.48,67.0,13.5,28.8,1003.7,2026-10-10 19:00:00
8.68,10.7,11.2,68.0,13.2,28.6,1004.6,2026-10-10 20:00:00
8.66,10.84,11.35,70.0,12.6,28.4,1005.2,2026-10-10 21:00:00
7.75,9.88,10.35,73.0,12.5,28.0,1005.4,2026-10-10 22:00:00
7.11,9.31,9.75,77.0,11.1,27.9,1005.3,2026-10-10 23:00:00
