fecha_hora,eolica_mwh,precio_cop_kwh,viento_10m,viento_80m,viento_120m,direccion_80m,rafagas_10m,temperatura,presion
2026-07-10 00:00:00,18.56979,703.24202,,,,,,,
2026-07-10 01:00:00,17.35032,703.24202,,,,,,,
2026-07-10 02:00:00,17.705080000000002,703.24202,,,,,,,
2026-07-10 03:00:00,17.463240000000003,703.24202,,,,,,,
2026-07-10 04:00:00,16.61541,703.24202,,,,,,,
2026-07-10 05:00:00,18.56039,703.24202,,,,,,,
2026-07-10 06:00:00,18.59684,703.24202,,,,,,,
2026-07-10 07:00:00,18.51204,703.19202,,,,,,,
2026-07-10 08:00:00,18.59812,703.19202,,,,,,,
2026-07-10 09:00:00,18.597150000000003,699.19202,,,,,,,
2026-07-10 10:00:00,18.49112,703.19202,,,,,,,
2026-07-10 11:00:00,18.57513,703.24202,,,,,,,
2026-07-10 12:00:00,18.56358,703.24202,,,,,,,
2026-07-10 13:00:00,18.5431,707.19202,,,,,,,
2026-07-10 14:00:00,18.55812,707.69202,,,,,,,
2026-07-10 15:00:00,18.563,740.69202,,,,,,,
2026-07-10 16:00:00,18.59463,740.69202,,,,,,,
2026-07-10 17:00:00,18.61773,739.97902,,,,,,,
2026-07-10 18:00:00,18.6182,744.29202,,,,,,,
2026-07-10 19:00:00,18.61208,889.19202,,,,,,,
2026-07-10 20:00:00,18.60407,744.29202,,,,,,,
2026-07-10 21:00:00,18.59835,889.19202,,,,,,,
2026-07-10 22:00:00,18.5971,740.69202,,,,,,,
2026-07-10 23:00:00,18.5082,707.69202,,,,,,,
2026-07-11 00:00:00,18.60113,738.29729,,,,,,,
2026-07-11 01:00:00,18.60034,738.29729,,,,,,,
2026-07-11 02:00:00,18.59839,702.83429,,,,,,,
2026-07-11 03:00:00,18.56855,701.38429,,,,,,,
2026-07-11 04:00:00,18.576700000000002,701.38429,,,,,,,
2026-07-11 05:00:00,18.39649,701.38429,,,,,,,
2026-07-11 06:00:00,18.47442,701.38429,,,,,,,
2026-07-11 07:00:00,18.607020000000002,698.33429,,,,,,,
2026-07-11 08:00:00,18.60773,697.33429,,,,,,,
2026-07-11 09:00:00,18.5713,697.33429,,,,,,,
2026-07-11 10:00:00,18.56841,697.33429,,,,,,,
2026-07-11 11:00:00,18.597459999999998,698.33429,,,,,,,
2026-07-11 12:00:00,18.480169999999998,698.33429,,,,,,,
2026-07-11 13:00:00,18.579549999999998,701.38429,,,,,,,
2026-07-11 14:00:00,18.57,701.38429,,,,,,,
2026-07-11 15:00:00,18.56552,701.38429,,,,,,,
2026-07-11 16:00:00,18.577099999999998,738.29729,,,,,,,
2026-07-11 17:00:00,18.58343,738.29729,,,,,,,
2026-07-11 18:00:00,18.59566,922.33429,,,,,,,
2026-07-11 19:00:00,18.61452,922.33429,,,,,,,
2026-07-11 20:00:00,18.592560000000002,922.33429,,,,,,,
2026-07-11 21:00:00,18.55962,942.33429,,,,,,,
2026-07-11 22:00:00,18.59378,922.33429,,,,,,,
2026-07-11 23:00:00,18.23854,742.43429,,,,,,,
2026-07-12 00:00:00,18.39584,832.22054,,,,,,,
2026-07-12 01:00:00,18.59814,832.22054,,,,,,,
2026-07-12 02:00:00,18.4922,832.22054,,,,,,,
2026-07-12 03:00:00,18.57913,832.22054,,,,,,,
2026-07-12 04:00:00,18.59077,832.22054,,,,,,,
2026-07-12 05:00:00,18.57953,832.22054,,,,,,,
2026-07-12 06:00:00,18.58551,652.72054,,,,,,,
2026-07-12 07:00:00,18.6013,632.22054,,,,,,,
2026-07-12 08:00:00,18.598950000000002,632.22054,,,,,,,
2026-07-12 09:00:00,18.59245,632.22054,,,,,,,
2026-07-12 10:00:00,18.58569,632.22054,,,,,,,
2026-07-12 11:00:00,18.57655,632.22054,,,,,,,
2026-07-12 12:00:00,18.58111,640.78254,,,,,,,
2026-07-12 13:00:00,18.57439,652.72054,,,,,,,
2026-07-12 14:00:00,18.57057,682.22054,,,,,,,
2026-07-12 15:00:00,18.55371,832.22054,,,,,,,
2026-07-12 16:00:00,18.54754,832.22054,,,,,,,
2026-07-12 17:00:00,18.57255,832.22054,,,,,,,
2026-07-12 18:00:00,18.57762,922.22054,,,,,,,
2026-07-12 19:00:00,18.59864,922.22054,,,,,,,
2026-07-12 20:00:00,18.51446,922.22054,,,,,,,
2026-07-12 21:00:00,18.58358,933.22054,,,,,,,
2026-07-12 22:00:00,18.41891,933.22054,,,,,,,
2026-07-12 23:00:00,16.28825,922.22054,,,,,,,
2026-07-13 00:00:00,10.25,804.30208,,,,,,,
2026-07-13 01:00:00,7.644270000000001,804.30208,,,,,,,
2026-07-13 02:00:00,11.075700000000001,804.30208,,,,,,,
2026-07-13 03:00:00,15.91608,804.30208,,,,,,,
2026-07-13 04:00:00,13.46514,794.30208,,,,,,,
2026-07-13 05:00:00,13.77192,804.30208,,,,,,,
2026-07-13 06:00:00,16.86752,794.30208,,,,,,,
2026-07-13 07:00:00,14.97644,504.30208,,,,,,,
2026-07-13 08:00:00,15.73189,504.30208,,,,,,,
2026-07-13 09:00:00,17.18819,504.30208,,,,,,,
2026-07-13 10:00:00,18.53701,504.30208,,,,,,,
2026-07-13 11:00:00,17.90586,618.34108,,,,,,,
2026-07-13 12:00:00,16.902009999999997,664.30208,,,,,,,
2026-07-13 13:00:00,16.99719,654.80208,,,,,,,
2026-07-13 14:00:00,16.9872,804.30208,,,,,,,
2026-07-13 15:00:00,17.04786,924.30208,,,,,,,
2026-07-13 16:00:00,17.05567,932.80208,,,,,,,
2026-07-13 17:00:00,17.04809,932.80208,,,,,,,
2026-07-13 18:00:00,17.05702,944.30208,,,,,,,
2026-07-13 19:00:00,16.95291,756.37908,,,,,,,
2026-07-13 20:00:00,17.08094,1197.30208,,,,,,,
2026-07-13 21:00:00,17.07678,1198.30208,,,,,,,
2026-07-13 22:00:00,17.05218,944.30208,,,,,,,
2026-07-13 23:00:00,17.0415,932.80208,,,,,,,
2026-07-15 00:00:00,11.539280000000002,794.98484,,,,,,,
2026-07-15 01:00:00,13.302190000000001,729.22184,,,,,,,
2026-07-15 02:00:00,13.42502,694.98484,,,,,,,
2026-07-15 03:00:00,13.422139999999999,674.98484,,,,,,,
2026-07-15 04:00:00,13.42017,729.22184,,,,,,,
2026-07-15 05:00:00,13.43201,929.98484,,,,,,,
2026-07-15 06:00:00,13.43802,729.22184,,,,,,,
2026-07-15 07:00:00,13.42832,645.98484,,,,,,,
2026-07-15 08:00:00,13.41865,645.98484,,,,,,,
2026-07-15 09:00:00,13.411629999999999,645.98484,,,,,,,
2026-07-15 10:00:00,13.40707,645.98484,,,,,,,
2026-07-15 11:00:00,14.5519,145.98484,,,,,,,
2026-07-15 12:00:00,12.62657,674.98484,,,,,,,
2026-07-15 13:00:00,15.22373,794.98484,,,,,,,
2026-07-15 14:00:00,15.21647,929.98484,,,,,,,
2026-07-15 15:00:00,15.294459999999999,929.98484,,,,,,,
2026-07-15 16:00:00,17.07768,929.98484,,,,,,,
2026-07-15 17:00:00,18.31852,1184.98484,,,,,,,
2026-07-15 18:00:00,18.612389999999998,1198.98484,,,,,,,
2026-07-15 19:00:00,18.612080000000002,1199.98484,,,,,,,
2026-07-15 20:00:00,18.603330000000003,1198.98484,,,,,,,
2026-07-15 21:00:00,18.60038,1199.98484,,,,,,,
2026-07-15 22:00:00,18.611060000000002,1183.98484,,,,,,,
2026-07-15 23:00:00,18.61654,944.98484,,,,,,,
2026-07-16 00:00:00,18.61888,735.78663,,,,,,,
2026-07-16 01:00:00,18.62016,735.78663,,,,,,,
2026-07-16 02:00:00,18.61277,695.78663,,,,,,,
2026-07-16 03:00:00,18.60132,695.78663,,,,,,,
2026-07-16 04:00:00,18.59993,735.78663,,,,,,,
2026-07-16 05:00:00,18.61712,735.78663,,,,,,,
2026-07-16 06:00:00,18.62146,735.78663,,,,,,,
2026-07-16 07:00:00,18.60584,215.85863,,,,,,,
2026-07-16 08:00:00,18.59885,646.78663,,,,,,,
2026-07-16 09:00:00,18.5928,646.78663,,,,,,,
2026-07-16 10:00:00,18.583869999999997,646.78663,,,,,,,
2026-07-16 11:00:00,18.567439999999998,695.78663,,,,,,,
2026-07-16 12:00:00,18.56052,695.78663,,,,,,,
2026-07-16 13:00:00,18.55501,735.78663,,,,,,,
2026-07-16 14:00:00,18.549979999999998,735.78663,,,,,,,
2026-07-16 15:00:00,18.554419999999997,735.78663,,,,,,,
2026-07-16 16:00:00,18.55705,925.75663,,,,,,,
2026-07-16 17:00:00,18.56705,945.78663,,,,,,,
2026-07-16 18:00:00,18.57383,1200.78663,,,,,,,
2026-07-16 19:00:00,18.583470000000002,1205.78663,,,,,,,
2026-07-16 20:00:00,18.5841,1200.78663,,,,,,,
2026-07-16 21:00:00,18.58485,1205.78663,,,,,,,
2026-07-16 22:00:00,18.57922,1019.87663,,,,,,,
2026-07-16 23:00:00,18.59681,925.75663,,,,,,,
2026-07-17 00:00:00,18.59105,923.612,,,,,,,
2026-07-17 01:00:00,18.57716,923.612,,,,,,,
2026-07-17 02:00:00,18.08634,730.155,,,,,,,
2026-07-17 03:00:00,18.390040000000003,730.155,,,,,,,
2026-07-17 04:00:00,18.46029,730.155,,,,,,,
2026-07-17 05:00:00,18.48209,923.612,,,,,,,
2026-07-17 06:00:00,18.45855,743.61,,,,,,,
2026-07-17 07:00:00,18.52114,643.612,,,,,,,
2026-07-17 08:00:00,18.58514,643.612,,,,,,,
2026-07-17 09:00:00,18.5846,643.612,,,,,,,
2026-07-17 10:00:00,18.57253,642.612,,,,,,,
2026-07-17 11:00:00,18.55851,643.612,,,,,,,
2026-07-17 12:00:00,18.55371,643.612,,,,,,,
2026-07-17 13:00:00,18.55323,643.612,,,,,,,
2026-07-17 14:00:00,18.557080000000003,923.612,,,,,,,
2026-07-17 15:00:00,18.56732,923.612,,,,,,,
2026-07-17 16:00:00,18.55856,923.612,,,,,,,
2026-07-17 17:00:00,18.56148,923.612,,,,,,,
2026-07-17 18:00:00,18.591240000000003,1196.612,,,,,,,
2026-07-17 19:00:00,18.59491,1197.612,,,,,,,
2026-07-17 20:00:00,18.58859,1196.612,,,,,,,
2026-07-17 21:00:00,18.59111,1197.612,,,,,,,
2026-07-17 22:00:00,18.59456,942.612,,,,,,,
2026-07-17 23:00:00,18.587619999999998,923.612,,,,,,,
2026-07-18 00:00:00,18.59121,942.99352,,,,,,,
2026-07-18 01:00:00,16.720029999999998,854.70052,,,,,,,
2026-07-18 02:00:00,12.10016,932.99352,,,,,,,
2026-07-18 03:00:00,17.35891,727.89652,,,,,,,
2026-07-18 04:00:00,18.34441,727.89652,,,,,,,
2026-07-18 05:00:00,18.579240000000002,727.89652,,,,,,,
2026-07-18 06:00:00,18.58027,647.99352,,,,,,,
2026-07-18 07:00:00,18.591099999999997,647.99352,,,,,,,
2026-07-18 08:00:00,18.61054,647.99352,,,,,,,
2026-07-18 09:00:00,18.60136,643.99352,,,,,,,
2026-07-18 10:00:00,18.58764,643.99352,,,,,,,
2026-07-18 11:00:00,18.57868,643.99352,,,,,,,
2026-07-18 12:00:00,18.571180000000002,643.99352,,,,,,,
2026-07-18 13:00:00,18.5622,647.99352,,,,,,,
2026-07-18 14:00:00,18.56218,647.99352,,,,,,,
2026-07-18 15:00:00,18.56391,743.99152,,,,,,,
2026-07-18 16:00:00,18.57422,952.99352,,,,,,,
2026-07-18 17:00:00,18.58545,952.99352,,,,,,,
2026-07-18 18:00:00,18.59683,952.99352,,,,,,,
2026-07-18 19:00:00,18.606180000000002,952.99352,,,,,,,
2026-07-18 20:00:00,18.609180000000002,952.99352,,,,,,,
2026-07-18 21:00:00,18.609189999999998,952.99352,,,,,,,
2026-07-18 22:00:00,18.5512,952.99352,,,,,,,
2026-07-18 23:00:00,18.46093,743.99152,,,,,,,
2026-07-19 00:00:00,18.32666,943.87342,,,,,,,
2026-07-19 01:00:00,18.54947,932.87342,,,,,,,
2026-07-19 02:00:00,18.28347,932.87342,,,,,,,
2026-07-19 03:00:00,18.61766,932.87342,,,,,,,
2026-07-19 04:00:00,18.61383,724.90242,,,,,,,
2026-07-19 05:00:00,18.62546,724.90242,,,,,,,
2026-07-19 06:00:00,18.601830000000003,652.87342,,,,,,,
2026-07-19 07:00:00,18.605259999999998,648.87342,,,,,,,
2026-07-19 08:00:00,18.57903,648.87342,,,,,,,
2026-07-19 09:00:00,18.579150000000002,648.87342,,,,,,,
2026-07-19 10:00:00,18.57753,652.87342,,,,,,,
2026-07-19 11:00:00,18.567790000000002,652.87342,,,,,,,
2026-07-19 12:00:00,18.573169999999998,652.87342,,,,,,,
2026-07-19 13:00:00,18.56214,652.87342,,,,,,,
2026-07-19 14:00:00,18.54811,724.90242,,,,,,,
2026-07-19 15:00:00,18.54875,942.87342,,,,,,,
2026-07-19 16:00:00,18.531299999999998,942.87342,,,,,,,
2026-07-19 17:00:00,18.471330000000002,942.87342,,,,,,,
2026-07-19 18:00:00,18.114919999999998,943.87342,,,,,,,
2026-07-19 19:00:00,18.04118,952.87342,,,,,,,
2026-07-19 20:00:00,17.449099999999998,944.87342,,,,,,,
2026-07-19 21:00:00,18.16345,943.87342,,,,,,,
2026-07-19 22:00:00,18.05768,944.87342,,,,,,,
2026-07-19 23:00:00,17.73141,932.87342,,,,,,,
2026-07-20 00:00:00,17.1982,752.84319,,,,,,,
2026-07-20 01:00:00,17.411099999999998,752.84319,,,,,,,
2026-07-20 02:00:00,17.22691,747.84319,,,,,,,
2026-07-20 03:00:00,15.35948,747.84319,,,,,,,
2026-07-20 04:00:00,13.84542,747.84319,,,,,,,
2026-07-20 05:00:00,10.91248,747.84319,,,,,,,
2026-07-20 06:00:00,13.123569999999999,747.84319,,,,,,,
2026-07-20 07:00:00,15.605120000000001,677.84319,,,,,,,
2026-07-20 08:00:00,16.514029999999998,677.84319,,,,,,,
2026-07-20 09:00:00,18.279400000000003,677.84319,,,,,,,
2026-07-20 10:00:00,18.38728,677.84319,,,,,,,
2026-07-20 11:00:00,18.55931,677.84319,,,,,,,
2026-07-20 12:00:00,18.550240000000002,692.34919,,,,,,,
2026-07-20 13:00:00,18.43127,747.84319,,,,,,,
2026-07-20 14:00:00,18.503529999999998,747.84319,,,,,,,
2026-07-20 15:00:00,18.509880000000003,752.84319,,,,,,,
2026-07-20 16:00:00,18.542450000000002,926.84319,,,,,,,
2026-07-20 17:00:00,18.55128,926.84319,,,,,,,
2026-07-20 18:00:00,18.54549,943.84319,,,,,,,
2026-07-20 19:00:00,18.537209999999998,943.84319,,,,,,,
2026-07-20 20:00:00,18.459139999999998,943.84319,,,,,,,
2026-07-20 21:00:00,18.436220000000002,942.84319,,,,,,,
2026-07-20 22:00:00,18.54019,926.84319,,,,,,,
2026-07-20 23:00:00,16.49344,932.84319,,,,,,,
2026-07-21 00:00:00,16.8718,691.6823,,,,,,,
2026-07-21 01:00:00,18.300099999999997,642.5713,,,,,,,
2026-07-21 02:00:00,15.06571,642.5713,,,,,,,
2026-07-21 03:00:00,15.69948,642.5713,,,,,,,
2026-07-21 04:00:00,16.85692,642.5713,,,,,,,
2026-07-21 05:00:00,16.94914,691.6823,,,,,,,
2026-07-21 06:00:00,17.12101,733.5693,,,,,,,
2026-07-21 07:00:00,15.969,691.6823,,,,,,,
2026-07-21 08:00:00,15.40643,642.5713,,,,,,,
2026-07-21 09:00:00,13.980229999999999,642.5713,,,,,,,
2026-07-21 10:00:00,17.97805,642.5713,,,,,,,
2026-07-21 11:00:00,17.86816,642.5713,,,,,,,
2026-07-21 12:00:00,17.32746,642.5713,,,,,,,
2026-07-21 13:00:00,18.15668,642.5713,,,,,,,
2026-07-21 14:00:00,18.44366,942.5713,,,,,,,
2026-07-21 15:00:00,18.52232,942.5713,,,,,,,
2026-07-21 16:00:00,18.55,942.5713,,,,,,,
2026-07-21 17:00:00,18.57666,947.5713,,,,,,,
2026-07-21 18:00:00,18.57866,962.5713,,,,,,,
2026-07-21 19:00:00,18.548740000000002,962.5713,,,,,,,
2026-07-21 20:00:00,18.57144,962.5713,,,,,,,
2026-07-21 21:00:00,18.569689999999998,962.5713,,,,,,,
2026-07-21 22:00:00,18.557599999999997,947.5713,,,,,,,
2026-07-21 23:00:00,18.56829,942.5713,,,,,,,
2026-07-22 00:00:00,18.45055,937.10107,,,,,,,
2026-07-22 01:00:00,18.48894,937.10107,,,,,,,
2026-07-22 02:00:00,18.1874,937.10107,,,,,,,
2026-07-22 03:00:00,17.93184,937.10107,,,,,,,
2026-07-22 04:00:00,18.08044,937.10107,,,,,,,
2026-07-22 05:00:00,17.7003,937.10107,,,,,,,
2026-07-22 06:00:00,17.20461,937.10107,,,,,,,
2026-07-22 07:00:00,17.88542,931.10107,,,,,,,
2026-07-22 08:00:00,17.88418,937.10107,,,,,,,
2026-07-22 09:00:00,15.00431,695.98107,,,,,,,
2026-07-22 10:00:00,13.029959999999999,931.10107,,,,,,,
2026-07-22 11:00:00,12.98073,937.10107,,,,,,,
2026-07-22 12:00:00,15.773200000000001,937.10107,,,,,,,
2026-07-22 13:00:00,17.03243,937.10107,,,,,,,
2026-07-22 14:00:00,17.0567,937.10107,,,,,,,
2026-07-22 15:00:00,17.063509999999997,946.10107,,,,,,,
2026-07-22 16:00:00,17.06298,947.10107,,,,,,,
2026-07-22 17:00:00,17.13546,1047.10107,,,,,,,
2026-07-22 18:00:00,18.58116,1047.10107,,,,,,,
2026-07-22 19:00:00,18.44536,1052.10107,,,,,,,
2026-07-22 20:00:00,17.94651,1052.10107,,,,,,,
2026-07-22 21:00:00,18.15634,1047.10107,,,,,,,
2026-07-22 22:00:00,18.59677,947.10107,,,,,,,
2026-07-22 23:00:00,18.60296,946.10107,,,,,,,
2026-07-23 00:00:00,18.60784,932.21556,,,,,,,
2026-07-23 01:00:00,18.61329,932.21556,,,,,,,
2026-07-23 02:00:00,18.59912,932.21556,,,,,,,
2026-07-23 03:00:00,18.38367,932.21556,,,,,,,
2026-07-23 04:00:00,18.53926,932.21556,,,,,,,
2026-07-23 05:00:00,18.411279999999998,932.21556,,,,,,,
2026-07-23 06:00:00,18.49302,932.21556,,,,,,,
2026-07-23 07:00:00,17.86466,932.21556,,,,,,,
2026-07-23 08:00:00,16.70028,932.21556,,,,,,,
2026-07-23 09:00:00,18.228810000000003,932.21556,,,,,,,
2026-07-23 10:00:00,18.446240000000003,932.21556,,,,,,,
2026-07-23 11:00:00,18.59782,932.21556,,,,,,,
2026-07-23 12:00:00,18.45483,922.21556,,,,,,,
2026-07-23 13:00:00,18.549319999999998,932.21556,,,,,,,
2026-07-23 14:00:00,18.452419999999996,932.21556,,,,,,,
2026-07-23 15:00:00,17.971259999999997,952.21556,,,,,,,
2026-07-23 16:00:00,18.38323,713.21356,,,,,,,
2026-07-23 17:00:00,18.61057,1012.21556,,,,,,,
2026-07-23 18:00:00,18.58395,1092.21556,,,,,,,
2026-07-23 19:00:00,18.53546,1097.21556,,,,,,,
2026-07-23 20:00:00,18.50216,1092.21556,,,,,,,
2026-07-23 21:00:00,18.40245,952.21556,,,,,,,
2026-07-23 22:00:00,16.86603,937.21556,,,,,,,
2026-07-23 23:00:00,12.89959,932.21556,,,,,,,
2026-07-24 00:00:00,18.19035,883.34507,,,,,,,
2026-07-24 01:00:00,18.573130000000003,842.34507,,,,,,,
2026-07-24 02:00:00,18.30819,842.34507,,,,,,,
2026-07-24 03:00:00,17.495639999999998,842.34507,,,,,,,
2026-07-24 04:00:00,16.20885,842.34507,,,,,,,
2026-07-24 05:00:00,13.59279,883.34507,,,,,,,
2026-07-24 06:00:00,13.25769,883.34507,,,,,,,
2026-07-24 07:00:00,10.57352,842.34507,,,,,,,
2026-07-24 08:00:00,12.65556,766.02207,,,,,,,
2026-07-24 09:00:00,12.493450000000001,688.02707,,,,,,,
2026-07-24 10:00:00,12.317620000000002,688.02707,,,,,,,
2026-07-24 11:00:00,14.72311,842.34507,,,,,,,
2026-07-24 12:00:00,18.38817,688.02707,,,,,,,
2026-07-24 13:00:00,18.559919999999998,692.34507,,,,,,,
2026-07-24 14:00:00,18.55682,842.34507,,,,,,,
2026-07-24 15:00:00,18.56568,883.34507,,,,,,,
2026-07-24 16:00:00,18.58472,883.34507,,,,,,,
2026-07-24 17:00:00,18.54244,883.34507,,,,,,,
2026-07-24 18:00:00,18.385990000000003,952.34507,,,,,,,
2026-07-24 19:00:00,18.36138,1012.34507,,,,,,,
2026-07-24 20:00:00,18.14556,952.34507,,,,,,,
2026-07-24 21:00:00,18.5461,937.34507,,,,,,,
2026-07-24 22:00:00,17.85455,883.34507,,,,,,,
2026-07-24 23:00:00,18.46119,883.34507,,,,,,,
2026-07-26 00:00:00,5.97716,656.42444,,,,,,,
2026-07-26 01:00:00,7.57929,656.42444,,,,,,,
2026-07-26 02:00:00,7.00054,646.42444,,,,,,,
2026-07-26 03:00:00,6.4241,646.42444,,,,,,,
2026-07-26 04:00:00,4.46596,646.42444,,,,,,,
2026-07-26 05:00:00,3.70292,646.42444,,,,,,,
2026-07-26 06:00:00,2.89669,616.42444,,,,,,,
2026-07-26 07:00:00,4.483890000000001,156.42444,,,,,,,
2026-07-26 08:00:00,4.71674,156.42444,,,,,,,
2026-07-26 09:00:00,6.13271,156.42444,,,,,,,
2026-07-26 10:00:00,4.92883,156.42444,,,,,,,
2026-07-26 11:00:00,4.54962,156.42444,,,,,,,
2026-07-26 12:00:00,6.862970000000001,301.16044,,,,,,,
2026-07-26 13:00:00,7.4984399999999996,616.42444,,,,,,,
2026-07-26 14:00:00,7.708819999999999,646.42444,,,,,,,
2026-07-26 15:00:00,7.76584,656.42444,,,,,,,
2026-07-26 16:00:00,7.75018,656.42444,,,,,,,
2026-07-26 17:00:00,7.745520000000001,694.82144,,,,,,,
2026-07-26 18:00:00,7.66127,786.42444,,,,,,,
2026-07-26 19:00:00,7.1386,796.42444,,,,,,,
2026-07-26 20:00:00,7.23807,786.42444,,,,,,,
2026-07-26 21:00:00,7.44836,786.42444,,,,,,,
2026-07-26 22:00:00,7.2854399999999995,776.42444,,,,,,,
2026-07-26 23:00:00,5.2122,656.42444,,,,,,,
2026-07-28 00:00:00,11.81397,643.82371,,,,,,,
2026-07-28 01:00:00,17.105990000000002,643.82371,,,,,,,
2026-07-28 02:00:00,13.62823,643.82371,,,,,,,
2026-07-28 03:00:00,12.33738,643.82371,,,,,,,
2026-07-28 04:00:00,10.8536,643.82371,,,,,,,
2026-07-28 05:00:00,8.37152,644.32371,,,,,,,
2026-07-28 06:00:00,4.94876,643.82371,,,,,,,
2026-07-28 07:00:00,7.65247,603.82371,,,,,,,
2026-07-28 08:00:00,14.896139999999999,603.82371,,,,,,,
2026-07-28 09:00:00,18.16892,603.82371,,,,,,,
2026-07-28 10:00:00,16.40418,603.82371,,,,,,,
2026-07-28 11:00:00,10.01387,603.82371,,,,,,,
2026-07-28 12:00:00,13.02401,603.82371,,,,,,,
2026-07-28 13:00:00,18.426119999999997,643.82371,,,,,,,
2026-07-28 14:00:00,18.52262,653.82371,,,,,,,
2026-07-28 15:00:00,18.54367,653.82371,,,,,,,
2026-07-28 16:00:00,18.577930000000002,653.82371,,,,,,,
2026-07-28 17:00:00,18.56542,690.83371,,,,,,,
2026-07-28 18:00:00,18.43924,953.82371,9.32,10.72,11.29,59.0,9.8,28.8,1002.5
2026-07-28 19:00:00,16.7512,983.82371,8.63,9.85,10.41,61.0,10.4,27.5,1003.5
2026-07-28 20:00:00,15.62537,1163.82371,8.23,9.27,9.74,66.0,11.0,27.2,1004.3
2026-07-28 21:00:00,17.03132,942.82371,8.29,8.98,9.43,73.0,11.4,27.2,1004.9
2026-07-28 22:00:00,17.04995,673.82371,7.78,9.18,9.59,74.0,11.9,27.0,1005.6
2026-07-28 23:00:00,17.44511,653.82371,8.04,9.87,10.3,77.0,12.5,26.9,1005.5
2026-07-29 00:00:00,17.82739,662.62391,8.17,10.49,11.01,79.0,13.5,26.8,1004.8
2026-07-29 01:00:00,18.38323,643.12391,7.79,10.04,10.55,80.0,13.0,26.7,1004.3
2026-07-29 02:00:00,18.134220000000003,642.82391,7.38,9.34,9.83,80.0,12.3,26.6,1003.8
2026-07-29 03:00:00,18.17982,643.12391,7.35,9.19,9.8,82.0,12.0,26.5,1003.7
2026-07-29 04:00:00,16.7528,643.12391,7.33,9.69,10.18,82.0,12.9,26.5,1003.8
2026-07-29 05:00:00,13.8868,662.62391,7.35,9.87,10.38,83.0,12.6,26.4,1003.9
2026-07-29 06:00:00,14.012139999999999,643.12391,7.75,10.25,10.87,84.0,13.9,26.6,1004.3
2026-07-29 07:00:00,17.404310000000002,642.82391,9.14,12.33,12.89,86.0,14.1,28.0,1004.9
2026-07-29 08:00:00,17.78075,642.82391,10.3,13.61,13.99,92.0,13.8,29.9,1005.0
2026-07-29 09:00:00,15.88169,642.82391,10.6,14.14,14.64,94.0,13.7,32.1,1005.1
2026-07-29 10:00:00,16.15167,642.82391,10.7,14.34,14.85,98.0,13.5,33.8,1004.7
2026-07-29 11:00:00,17.22434,642.82391,10.6,14.35,14.75,98.0,13.2,34.9,1004.1
2026-07-29 12:00:00,18.463279999999997,642.82391,11.01,14.57,15.07,99.0,13.3,35.8,1003.1
2026-07-29 13:00:00,18.52226,642.82391,11.14,14.51,15.01,97.0,13.0,36.2,1002.3
2026-07-29 14:00:00,18.55864,642.82391,11.54,13.91,14.3,92.0,12.5,36.0,1001.2
2026-07-29 15:00:00,18.5671,662.62391,11.8,12.78,13.24,84.0,11.1,35.1,1000.4
2026-07-29 16:00:00,18.576340000000002,672.62391,12.12,13.29,13.76,73.0,10.8,32.9,1000.2
2026-07-29 17:00:00,18.577759999999998,742.62391,11.59,13.39,13.87,74.0,11.5,30.7,1001.0
2026-07-29 18:00:00,18.57009,1002.62391,10.42,12.84,13.4,70.0,13.5,28.8,1001.8
2026-07-29 19:00:00,18.565240000000003,1002.62391,10.74,13.67,14.31,67.0,15.7,28.8,1003.1
2026-07-29 20:00:00,18.590880000000002,1002.62391,10.71,13.62,14.26,68.0,15.8,28.4,1003.8
2026-07-29 21:00:00,18.59867,991.62391,10.91,13.96,14.62,72.0,15.9,28.2,1004.4
2026-07-29 22:00:00,18.60277,742.62391,11.19,14.26,14.93,73.0,16.4,28.1,1005.1
2026-07-29 23:00:00,18.61103,689.59591,11.0,14.03,14.69,76.0,16.3,28.1,1005.3
2026-07-30 00:00:00,18.60728,893.40197,10.1,13.03,13.64,79.0,16.0,27.9,1004.8
2026-07-30 01:00:00,18.52911,893.40197,9.77,12.55,13.14,81.0,14.7,27.8,1004.9
2026-07-30 02:00:00,18.54125,893.40197,9.42,11.95,12.52,84.0,14.5,27.7,1004.5
2026-07-30 03:00:00,18.531599999999997,893.40197,9.2,11.79,12.34,85.0,13.7,27.5,1003.7
2026-07-30 04:00:00,18.613919999999997,992.90197,9.23,11.91,12.48,86.0,13.4,27.4,1003.4
2026-07-30 05:00:00,18.609450000000002,992.90197,9.48,12.5,13.09,87.0,13.7,27.4,1003.6
2026-07-30 06:00:00,18.56743,992.90197,9.33,12.16,12.73,86.0,13.8,27.4,1003.7
2026-07-30 07:00:00,18.56381,893.40197,9.92,12.13,12.7,85.0,15.0,28.6,1004.6
2026-07-30 08:00:00,18.55971,743.40197,10.72,12.72,13.32,85.0,16.1,30.5,1005.2
2026-07-30 09:00:00,18.553759999999997,743.40197,11.62,13.64,14.29,85.0,17.7,32.6,1005.0
2026-07-30 10:00:00,18.54213,893.40197,12.13,14.13,14.8,83.0,18.7,34.1,1004.7
2026-07-30 11:00:00,18.553369999999997,893.40197,12.12,14.05,14.72,81.0,18.8,35.2,1004.3
2026-07-30 12:00:00,18.545330000000003,893.40197,11.97,13.94,14.59,78.0,18.7,35.6,1003.6
2026-07-30 13:00:00,18.54414,893.40197,12.06,14.07,14.73,77.0,19.9,35.8,1003.6
2026-07-30 14:00:00,18.55002,992.90197,12.85,14.99,15.7,72.0,19.6,34.7,1003.1
2026-07-30 15:00:00,18.561970000000002,992.90197,13.29,15.74,16.49,70.0,20.4,33.5,1002.2
2026-07-30 16:00:00,18.567400000000003,1003.40197,13.35,15.94,16.69,67.0,20.3,32.0,1002.1
2026-07-30 17:00:00,18.60735,1003.40197,13.36,16.1,16.86,67.0,20.1,30.6,1002.4
2026-07-30 18:00:00,18.62725,1199.40197,13.15,16.11,16.87,70.0,20.1,29.3,1003.2
2026-07-30 19:00:00,18.61665,1208.40197,12.43,15.56,16.29,69.0,19.3,28.4,1004.3
2026-07-30 20:00:00,18.610419999999998,1199.40197,12.25,15.43,16.16,70.0,18.1,28.0,1005.3
2026-07-30 21:00:00,18.60473,1208.40197,12.16,15.3,16.02,74.0,17.8,28.0,1006.0
2026-07-30 22:00:00,18.60572,1003.40197,12.14,15.19,15.9,78.0,17.9,27.9,1006.6
2026-07-30 23:00:00,18.60079,992.90197,11.19,14.04,14.7,79.0,17.6,27.8,1006.7
2026-07-31 00:00:00,18.61338,983.15708,10.79,13.59,14.23,81.0,16.2,27.6,1006.4
2026-07-31 01:00:00,18.59195,973.65708,10.33,13.3,13.92,79.0,15.6,27.4,1006.2
2026-07-31 02:00:00,18.525479999999998,973.65708,9.86,12.63,13.22,81.0,14.9,27.2,1005.6
2026-07-31 03:00:00,18.02682,973.65708,9.16,11.88,12.44,83.0,14.3,27.0,1005.2
2026-07-31 04:00:00,18.038880000000002,983.15708,8.83,11.66,12.21,84.0,13.2,27.0,1004.9
2026-07-31 05:00:00,17.935,983.15708,8.69,11.58,12.12,83.0,12.8,26.9,1005.0
2026-07-31 06:00:00,18.53322,983.15708,9.02,11.64,12.19,83.0,12.8,27.1,1005.3
2026-07-31 07:00:00,18.53932,893.15708,9.68,11.76,12.32,80.0,14.0,28.2,1005.8
2026-07-31 08:00:00,18.37998,893.15708,10.27,12.12,12.7,81.0,15.6,30.2,1005.9
2026-07-31 09:00:00,18.59731,893.15708,10.89,12.73,13.33,85.0,16.6,32.2,1005.9
2026-07-31 10:00:00,18.58455,893.15708,11.2,13.03,13.65,87.0,17.4,34.0,1005.8
2026-07-31 11:00:00,18.57735,893.15708,10.87,12.64,13.24,82.0,17.8,35.1,1005.1
2026-07-31 12:00:00,18.56346,893.15708,10.93,12.67,13.27,76.0,17.4,34.7,1004.3
2026-07-31 13:00:00,18.5398,893.15708,11.23,13.12,13.74,68.0,17.9,34.9,1003.8
2026-07-31 14:00:00,18.56357,893.15708,12.06,14.31,14.98,68.0,18.3,32.4,1003.1
2026-07-31 15:00:00,18.56306,983.15708,11.12,13.19,13.81,68.0,18.4,31.8,1002.7
2026-07-31 16:00:00,18.57592,992.65708,11.0,13.08,13.69,68.0,17.0,30.9,1002.6
2026-07-31 17:00:00,18.59333,992.65708,10.78,13.1,13.72,65.0,16.6,29.5,1002.5
2026-07-31 18:00:00,18.60361,1107.15708,10.18,13.09,13.71,66.0,16.0,28.4,1003.4
2026-07-31 19:00:00,18.59206,1163.15708,9.31,12.33,12.91,66.0,15.2,28.4,1004.3
2026-07-31 20:00:00,18.58331,1107.15708,9.25,12.24,12.82,68.0,13.6,28.2,1004.9
2026-07-31 21:00:00,18.31915,1108.15708,9.14,12.22,12.8,72.0,13.4,28.2,1005.6
2026-07-31 22:00:00,17.88617,992.65708,9.36,12.07,12.64,78.0,13.6,28.2,1005.9
2026-07-31 23:00:00,17.73789,983.15708,9.22,11.8,12.35,75.0,13.6,27.9,1005.5
2026-08-01 00:00:00,18.586759999999998,988.96172,8.95,11.52,12.06,74.0,13.7,27.6,1004.7
2026-08-01 01:00:00,18.45709,988.96172,8.94,11.5,12.05,75.0,13.2,27.4,1004.6
2026-08-01 02:00:00,17.52798,988.96172,8.54,11.03,11.55,77.0,13.3,27.4,1004.1
2026-08-01 03:00:00,15.86626,984.46172,8.35,10.69,11.19,77.0,12.6,27.2,1003.5
2026-08-01 04:00:00,15.30248,988.96172,7.69,9.95,10.42,78.0,12.2,27.0,1003.2
2026-08-01 05:00:00,12.20501,988.96172,6.98,9.21,9.64,82.0,11.3,26.9,1003.1
2026-08-01 06:00:00,10.50328,988.96172,6.08,8.33,8.72,82.0,10.2,26.9,1003.2
2026-08-01 07:00:00,13.692290000000002,984.46172,8.07,10.06,10.54,78.0,9.7,28.2,1004.2
2026-08-01 08:00:00,6.1672,649.46172,7.97,9.54,9.99,82.0,12.6,30.1,1004.4
2026-08-01 09:00:00,13.15523,889.96172,7.1,8.29,8.68,92.0,12.5,32.7,1004.2
2026-08-01 10:00:00,12.8896,889.96172,6.91,8.02,8.4,98.0,11.6,34.8,1003.6
2026-08-01 11:00:00,10.680629999999999,889.96172,6.73,7.75,8.11,99.0,11.7,36.1,1002.8
2026-08-01 12:00:00,13.00497,889.96172,6.44,7.45,7.8,103.0,11.6,37.0,1002.0
2026-08-01 13:00:00,12.82534,889.96172,5.76,6.72,7.03,96.0,11.4,37.3,1001.8
2026-08-01 14:00:00,14.274809999999999,984.46172,5.35,6.44,6.75,93.0,9.8,35.5,1000.8
2026-08-01 15:00:00,16.445349999999998,988.96172,6.46,7.9,8.27,92.0,10.2,35.5,1000.3
2026-08-01 16:00:00,18.45841,988.96172,6.93,8.48,8.88,90.0,10.7,35.0,1000.1
2026-08-01 17:00:00,18.57447,989.46172,8.7,11.36,11.9,71.0,12.5,32.3,1000.3
2026-08-01 18:00:00,18.28311,1037.58172,9.27,12.75,13.35,70.0,13.9,30.4,1001.1
2026-08-01 19:00:00,18.439220000000002,1049.46172,9.26,12.18,12.76,68.0,13.2,29.6,1002.2
2026-08-01 20:00:00,18.44881,1039.46172,7.59,9.82,10.29,70.0,13.4,29.0,1002.7
2026-08-01 21:00:00,18.344849999999997,1049.46172,6.93,8.68,9.09,76.0,11.3,28.9,1003.3
2026-08-01 22:00:00,18.4449,1014.46172,7.01,8.92,9.34,78.0,10.3,28.8,1003.7
2026-08-01 23:00:00,18.21754,989.46172,7.78,10.14,10.62,82.0,11.2,28.4,1003.7
2026-08-02 00:00:00,13.34486,941.61916,8.57,11.64,12.19,81.0,12.4,28.0,1003.2
2026-08-02 01:00:00,13.95224,941.61916,9.54,12.3,12.88,82.0,14.4,27.9,1002.8
2026-08-02 02:00:00,16.79309,892.11916,8.17,10.78,11.28,88.0,13.9,27.8,1002.5
2026-08-02 03:00:00,14.184700000000001,892.11916,7.3,10.06,10.54,94.0,11.7,27.7,1002.6
2026-08-02 04:00:00,16.85855,892.11916,7.02,9.71,10.17,97.0,10.6,27.6,1002.9
2026-08-02 05:00:00,17.81962,941.61916,7.25,10.02,10.5,95.0,10.4,27.5,1003.0
2026-08-02 06:00:00,18.422169999999998,651.61916,7.65,10.53,11.03,91.0,11.0,27.5,1003.1
2026-08-02 07:00:00,17.949830000000002,621.61916,8.83,11.02,11.54,84.0,12.9,28.5,1004.2
2026-08-02 08:00:00,17.87984,491.61916,9.45,11.33,11.86,86.0,14.3,30.4,1004.6
2026-08-02 09:00:00,18.43925,240.09916,9.8,11.5,12.05,91.0,15.0,32.9,1004.4
2026-08-02 10:00:00,17.75407,368.82916,10.14,11.83,12.39,97.0,15.7,35.0,1004.2
2026-08-02 11:00:00,18.37743,491.61916,9.81,11.52,12.07,98.0,15.9,36.5,1003.8
2026-08-02 12:00:00,18.014830000000003,491.61916,9.5,11.18,11.71,93.0,15.5,37.7,1002.8
2026-08-02 13:00:00,18.267709999999997,621.61916,9.92,11.76,12.31,79.0,15.2,37.5,1002.6
2026-08-02 14:00:00,18.60525,621.61916,10.96,13.48,14.12,69.0,16.2,34.2,1001.7
2026-08-02 15:00:00,18.609450000000002,641.61916,12.28,14.96,15.67,67.0,18.5,32.9,1001.3
2026-08-02 16:00:00,18.57695,941.61916,11.79,14.75,15.45,68.0,18.4,31.7,1001.0
2026-08-02 17:00:00,18.57702,991.11916,11.37,14.55,15.24,69.0,17.6,30.3,1000.9
2026-08-02 18:00:00,18.52367,991.11916,10.52,14.2,14.87,70.0,16.6,29.0,1001.1
2026-08-02 19:00:00,18.391939999999998,991.11916,11.07,14.77,15.47,70.0,15.6,28.7,1001.7
2026-08-02 20:00:00,18.47231,1016.61916,11.21,14.98,15.69,72.0,16.3,28.3,1002.2
2026-08-02 21:00:00,18.59438,1016.61916,11.31,15.07,15.78,77.0,16.4,28.1,1002.9
2026-08-02 22:00:00,18.5993,991.11916,11.81,15.04,15.75,80.0,17.6,27.9,1003.5
2026-08-02 23:00:00,18.60808,991.11916,11.21,14.33,15.01,83.0,17.3,27.8,1003.6
2026-08-03 00:00:00,18.61082,988.61002,10.7,13.78,14.43,86.0,16.4,27.7,1003.3
2026-08-03 01:00:00,18.58419,988.61002,9.98,12.83,13.44,84.0,15.7,27.7,1003.5
2026-08-03 02:00:00,18.59228,988.61002,9.29,12.01,12.57,84.0,14.6,27.6,1003.2
2026-08-03 03:00:00,18.48689,988.61002,9.22,11.84,12.4,85.0,13.7,27.5,1003.3
2026-08-03 04:00:00,13.15193,994.11002,8.23,10.98,11.49,87.0,13.5,27.3,1003.3
2026-08-03 05:00:00,16.6977,988.61002,7.65,10.4,10.89,86.0,12.1,27.3,1003.8
2026-08-03 06:00:00,12.89478,988.61002,8.01,10.5,11.0,83.0,11.5,27.3,1003.9
2026-08-03 07:00:00,16.2549,988.61002,8.53,10.63,11.13,79.0,12.7,28.1,1004.9
2026-08-03 08:00:00,18.470950000000002,988.61002,9.39,11.31,11.84,78.0,14.3,29.7,1004.8
2026-08-03 09:00:00,18.47432,988.61002,9.97,11.87,12.43,79.0,15.4,31.8,1004.8
2026-08-03 10:00:00,18.52123,988.61002,10.48,12.28,12.86,77.0,16.2,33.2,1004.3
2026-08-03 11:00:00,18.549049999999998,988.61002,11.15,13.01,13.63,73.0,17.3,33.9,1003.8
2026-08-03 12:00:00,18.55354,988.61002,11.55,13.5,14.14,71.0,17.9,34.3,1003.2
2026-08-03 13:00:00,18.56253,988.61002,10.76,12.71,13.31,68.0,18.3,35.0,1003.1
2026-08-03 14:00:00,18.48595,994.11002,10.99,13.04,13.65,65.0,17.1,33.8,1002.0
2026-08-03 15:00:00,18.57135,1000.11002,11.26,13.32,13.95,62.0,17.6,32.8,1001.1
2026-08-03 16:00:00,18.582849999999997,1019.11002,11.8,14.36,15.04,63.0,17.8,31.7,1001.1
2026-08-03 17:00:00,18.609849999999998,1019.11002,11.36,14.16,14.83,66.0,17.8,30.3,1001.4
2026-08-03 18:00:00,18.49525,1024.11002,10.73,13.78,14.43,69.0,16.8,29.3,1002.1
2026-08-03 19:00:00,18.54476,1049.11002,10.22,13.79,14.45,71.0,15.7,28.5,1002.9
2026-08-03 20:00:00,18.59938,1024.11002,10.47,13.77,14.42,75.0,15.1,28.3,1003.2
2026-08-03 21:00:00,18.6018,1024.11002,10.25,13.5,14.14,79.0,15.2,28.1,1003.7
2026-08-03 22:00:00,17.74466,1019.11002,10.24,13.24,13.86,81.0,14.9,27.9,1003.9
2026-08-03 23:00:00,13.92495,994.11002,9.77,12.53,13.12,85.0,15.2,27.8,1003.9
2026-08-04 00:00:00,16.11498,1026.34621,9.36,11.98,12.54,86.0,14.4,27.8,1003.7
2026-08-04 01:00:00,13.389610000000001,1023.34621,8.82,11.32,11.85,88.0,13.7,27.7,1003.7
2026-08-04 02:00:00,15.87821,1023.34621,8.32,10.66,11.16,85.0,12.9,27.5,1003.2
2026-08-04 03:00:00,18.557380000000002,798.55321,8.51,10.9,11.41,86.0,12.5,27.4,1002.9
2026-08-04 04:00:00,18.38472,1020.54621,8.18,10.88,11.39,88.0,12.5,27.3,1002.6
2026-08-04 05:00:00,17.834419999999998,1026.34621,8.23,11.03,11.55,87.0,12.0,27.2,1002.7
2026-08-04 06:00:00,18.382189999999998,1026.34621,8.64,11.28,11.81,87.0,12.2,27.2,1002.9
2026-08-04 07:00:00,18.280369999999998,982.34621,8.58,10.73,11.24,84.0,13.4,28.3,1004.1
2026-08-04 08:00:00,18.57507,689.21821,9.12,10.96,11.48,85.0,14.0,30.4,1004.3
2026-08-04 09:00:00,18.58389,818.45021,9.6,11.32,11.86,84.0,14.9,32.3,1004.5
2026-08-04 10:00:00,18.582810000000002,982.34621,10.13,11.81,12.37,82.0,16.8,34.0,1004.1
2026-08-04 11:00:00,18.58796,1023.34621,10.21,11.93,12.49,80.0,16.8,35.1,1003.8
2026-08-04 12:00:00,18.579169999999998,132.34621,10.86,12.71,13.31,74.0,17.0,35.2,1003.2
2026-08-04 13:00:00,18.57373,1023.34621,11.89,14.05,14.71,69.0,19.1,35.0,1002.8
2026-08-04 14:00:00,18.57689,1026.34621,12.62,15.07,15.78,65.0,19.2,32.9,1002.4
2026-08-04 15:00:00,16.915689999999998,1026.34621,12.45,14.97,15.68,63.0,19.2,31.9,1001.9
2026-08-04 16:00:00,17.07888,1051.84621,12.37,14.95,15.66,64.0,19.0,30.9,1001.6
2026-08-04 17:00:00,18.33914,1026.34621,12.01,14.91,15.61,64.0,18.6,29.8,1001.7
2026-08-04 18:00:00,18.556729999999998,1052.34621,11.14,14.73,15.43,66.0,17.7,28.6,1002.2
2026-08-04 19:00:00,18.5609,1062.34621,11.02,14.83,15.53,65.0,16.2,28.1,1003.2
2026-08-04 20:00:00,18.56425,1062.34621,10.74,14.67,15.37,67.0,15.9,27.7,1004.0
2026-08-04 21:00:00,18.582990000000002,1062.34621,11.34,14.67,15.36,72.0,16.2,27.6,1004.4
2026-08-04 22:00:00,18.57171,1026.34621,11.34,14.64,15.33,74.0,16.8,27.6,1004.8
2026-08-04 23:00:00,18.581349999999997,1026.34621,11.27,14.5,15.19,76.0,16.8,27.5,1005.2
2026-08-05 00:00:00,18.57758,1023.08906,10.61,13.62,14.26,79.0,16.5,27.3,1004.7
2026-08-05 01:00:00,18.54831,1023.08906,9.9,12.64,13.23,80.0,15.5,27.5,1005.0
2026-08-05 02:00:00,18.46129,1023.08906,9.17,11.71,12.26,81.0,14.4,27.2,1004.6
2026-08-05 03:00:00,17.95915,1023.08906,8.52,11.1,11.63,83.0,13.4,26.9,1004.4
2026-08-05 04:00:00,18.17184,1023.08906,7.98,10.72,11.22,82.0,12.2,26.6,1004.1
2026-08-05 05:00:00,17.99391,1023.08906,7.87,10.62,11.13,80.0,11.5,26.4,1004.5
2026-08-05 06:00:00,16.80864,1023.08906,8.08,10.68,11.18,79.0,11.5,26.4,1004.8
2026-08-05 07:00:00,17.77085,1023.08906,8.28,10.33,10.82,76.0,12.3,27.7,1005.9
2026-08-05 08:00:00,18.42861,1023.08906,9.32,11.1,11.62,76.0,14.2,29.5,1005.9
2026-08-05 09:00:00,18.10415,1023.08906,9.6,11.29,11.82,73.0,14.9,31.4,1005.6
2026-08-05 10:00:00,17.91581,1023.08906,9.63,11.3,11.83,75.0,15.3,33.1,1005.2
2026-08-05 11:00:00,18.39155,1023.08906,9.85,11.57,12.12,72.0,15.7,34.2,1004.7
2026-08-05 12:00:00,18.15644,1023.08906,10.2,12.03,12.6,67.0,16.2,34.4,1003.9
2026-08-05 13:00:00,18.18779,1023.08906,9.74,11.67,12.22,61.0,16.5,33.8,1004.2
2026-08-05 14:00:00,18.61015,1023.08906,10.56,12.98,13.59,56.0,16.3,32.5,1003.1
2026-08-05 15:00:00,18.64359,1029.08906,11.88,14.54,15.23,54.0,18.1,31.6,1002.3
2026-08-05 16:00:00,18.611150000000002,1029.08906,11.62,14.58,15.27,53.0,18.1,30.2,1002.1
2026-08-05 17:00:00,18.52945,1037.58906,10.35,13.12,13.74,58.0,17.4,29.3,1002.1
2026-08-05 18:00:00,18.42514,1059.08906,9.32,12.27,12.85,60.0,15.4,28.3,1002.7
2026-08-05 19:00:00,18.3793,1059.88906,9.61,13.01,13.63,63.0,13.6,28.0,1003.2
2026-08-05 20:00:00,18.419310000000003,1059.08906,9.28,12.69,13.28,64.0,13.9,27.7,1003.8
2026-08-05 21:00:00,18.550720000000002,1059.08906,9.17,12.84,13.45,67.0,13.5,27.4,1004.3
2026-08-05 22:00:00,18.53082,1037.58906,9.93,13.01,13.62,71.0,14.0,27.4,1005.0
2026-08-05 23:00:00,18.531299999999998,1029.08906,10.61,13.64,14.28,76.0,15.4,27.5,1004.7
2026-08-06 00:00:00,18.602580000000003,996.51807,9.99,12.88,13.48,78.0,15.5,27.3,1004.5
2026-08-06 01:00:00,18.61222,996.51807,9.81,12.54,13.14,77.0,14.6,27.3,1004.4
2026-08-06 02:00:00,18.42392,996.51807,8.78,11.73,12.28,78.0,14.0,26.9,1004.2
2026-08-06 03:00:00,18.50746,996.51807,8.67,11.68,12.23,79.0,12.6,26.8,1004.2
2026-08-06 04:00:00,17.84703,996.51807,8.66,11.6,12.15,83.0,12.6,26.7,1004.1
2026-08-06 05:00:00,18.050819999999998,996.51807,8.45,11.44,11.98,85.0,12.5,26.6,1004.2
2026-08-06 06:00:00,18.27445,996.51807,8.18,11.13,11.65,87.0,12.2,26.8,1004.5
2026-08-06 07:00:00,17.08371,996.51807,8.27,10.39,10.88,88.0,12.4,28.2,1005.6
2026-08-06 08:00:00,16.65418,996.51807,8.91,10.7,11.21,94.0,13.5,30.4,1006.0
2026-08-06 09:00:00,18.081310000000002,996.51807,9.69,11.43,11.97,97.0,14.9,32.5,1006.0
2026-08-06 10:00:00,17.2488,996.51807,9.89,11.58,12.13,97.0,15.5,34.5,1005.7
2026-08-06 11:00:00,15.2228,996.51807,9.31,10.95,11.47,95.0,16.1,35.8,1005.2
2026-08-06 12:00:00,16.23579,996.51807,9.15,10.74,11.25,87.0,15.4,36.3,1004.5
2026-08-06 13:00:00,17.834709999999998,996.51807,8.49,10.04,10.52,82.0,15.2,36.3,1004.7
2026-08-06 14:00:00,18.44392,996.51807,8.57,10.68,11.18,72.0,13.1,34.0,1004.0
2026-08-06 15:00:00,18.57495,1045.51807,10.2,12.7,13.3,66.0,15.2,32.7,1003.6
2026-08-06 16:00:00,18.66738,1045.51807,10.39,13.3,13.92,64.0,15.8,31.4,1003.6
2026-08-06 17:00:00,18.711029999999997,1055.51807,9.66,12.76,13.36,66.0,15.5,30.2,1004.1
2026-08-06 18:00:00,18.68482,1055.51807,8.65,11.92,12.48,70.0,14.1,29.0,1004.6
2026-08-06 19:00:00,18.46957,1055.51807,7.66,9.94,10.41,72.0,12.6,29.1,1005.7
2026-08-06 20:00:00,18.81005,1055.51807,6.99,9.06,9.48,74.0,11.2,28.6,1006.4
2026-08-06 21:00:00,18.50594,1055.51807,7.1,9.37,9.81,78.0,10.5,28.5,1006.7
2026-08-06 22:00:00,18.531,1045.51807,7.81,10.16,10.64,81.0,11.4,28.4,1006.9
2026-08-06 23:00:00,18.345599999999997,1040.51807,8.36,10.85,11.36,81.0,11.9,28.0,1006.7
2026-08-07 00:00:00,18.1122,999.31703,8.44,10.88,11.4,82.0,12.5,27.7,1006.4
2026-08-07 01:00:00,18.35005,999.31703,8.5,10.9,11.41,81.0,12.5,27.5,1006.3
2026-08-07 02:00:00,15.86576,989.31703,7.88,10.19,10.67,84.0,12.2,27.4,1005.8
2026-08-07 03:00:00,12.51787,989.31703,7.52,9.6,10.05,84.0,11.5,27.4,1005.7
2026-08-07 04:00:00,16.81654,989.31703,8.06,10.37,10.86,85.0,11.8,27.3,1005.6
2026-08-07 05:00:00,16.57345,989.31703,8.37,10.66,11.16,85.0,12.2,27.1,1005.9
2026-08-07 06:00:00,15.00447,988.91703,7.74,10.01,10.48,83.0,12.3,26.9,1006.3
2026-08-07 07:00:00,17.55061,988.81703,7.99,9.93,10.4,79.0,12.6,28.1,1007.5
2026-08-07 08:00:00,17.92843,723.82503,9.85,11.73,12.28,81.0,15.0,30.0,1007.7
2026-08-07 09:00:00,18.62186,649.31703,10.18,11.94,12.51,82.0,15.8,31.9,1008.0
2026-08-07 10:00:00,18.73779,873.21103,10.02,11.62,12.17,84.0,15.8,33.1,1007.4
2026-08-07 11:00:00,18.65258,988.81703,10.08,11.8,12.36,77.0,15.9,34.3,1006.7
2026-08-07 12:00:00,18.74624,988.81703,10.73,12.62,13.22,70.0,16.9,34.2,1005.8
2026-08-07 13:00:00,18.76082,988.81703,10.6,12.55,13.15,63.0,17.6,34.1,1005.4
2026-08-07 14:00:00,18.741220000000002,988.91703,11.0,13.43,14.07,60.0,16.7,32.2,1004.7
2026-08-07 15:00:00,18.71418,989.31703,11.47,14.17,14.84,62.0,17.1,31.9,1004.0
2026-08-07 16:00:00,18.72721,999.31703,11.52,14.3,14.98,62.0,17.3,30.9,1003.8
2026-08-07 17:00:00,18.72465,999.31703,10.98,13.97,14.63,63.0,17.1,29.6,1003.7
2026-08-07 18:00:00,18.68165,1051.31703,10.6,14.35,15.02,67.0,16.1,28.3,1003.9
2026-08-07 19:00:00,18.659200000000002,1051.31703,10.92,14.95,15.66,67.0,15.1,28.3,1004.9
2026-08-07 20:00:00,18.71546,1051.31703,10.94,14.74,15.43,70.0,15.9,27.9,1005.2
2026-08-07 21:00:00,18.693080000000002,1051.31703,10.55,14.37,15.05,75.0,16.3,27.8,1005.7
2026-08-07 22:00:00,18.77095,1051.31703,10.2,13.65,14.3,80.0,16.0,27.7,1006.2
2026-08-07 23:00:00,17.611099999999997,999.31703,9.49,12.76,13.36,82.0,15.0,27.6,1006.1
2026-08-08 00:00:00,16.02949,989.54814,8.8,11.89,12.45,83.0,13.7,27.4,1005.6
2026-08-08 01:00:00,13.26261,989.54814,8.51,11.41,11.95,82.0,12.7,27.1,1005.7
2026-08-08 02:00:00,16.74302,987.54814,8.31,11.1,11.62,81.0,12.3,26.8,1005.2
2026-08-08 03:00:00,18.698900000000002,987.54814,8.66,11.51,12.05,79.0,12.5,26.6,1004.7
2026-08-08 04:00:00,18.71193,987.54814,8.63,11.54,12.08,79.0,12.5,26.3,1004.6
2026-08-08 05:00:00,18.74094,987.54814,8.94,11.84,12.4,78.0,12.8,26.2,1004.9
2026-08-08 06:00:00,18.449830000000002,987.54814,8.98,11.94,12.5,78.0,12.9,26.1,1005.1
2026-08-08 07:00:00,18.43043,987.54814,9.85,12.18,12.75,75.0,14.8,27.4,1006.1
2026-08-08 08:00:00,18.76109,649.54814,10.26,12.25,12.83,73.0,15.6,29.1,1006.2
2026-08-08 09:00:00,18.72423,649.54814,10.76,12.7,13.3,77.0,16.6,31.2,1006.4
2026-08-08 10:00:00,18.75584,649.54814,10.66,12.48,13.07,80.0,16.7,33.0,1006.0
2026-08-08 11:00:00,18.71146,720.18214,10.17,12.0,12.56,78.0,16.7,34.3,1005.4
2026-08-08 12:00:00,18.69863,910.53414,10.36,12.24,12.81,72.0,16.4,34.5,1004.2
2026-08-08 13:00:00,18.785880000000002,987.54814,10.87,12.88,13.49,63.0,18.3,34.0,1004.2
2026-08-08 14:00:00,18.759,987.54814,11.96,14.28,14.96,59.0,18.3,32.6,1003.2
2026-08-08 15:00:00,18.709919999999997,987.54814,12.3,14.68,15.38,61.0,18.9,32.1,1002.3
2026-08-08 16:00:00,18.73152,989.54814,11.87,14.39,15.07,60.0,18.8,31.0,1001.7
2026-08-08 17:00:00,18.72774,1049.54814,11.77,14.57,15.26,60.0,18.1,29.5,1001.7
2026-08-08 18:00:00,18.728189999999998,1051.54814,11.39,14.98,15.69,62.0,17.5,28.3,1002.3
2026-08-08 19:00:00,18.72255,1051.54814,10.85,14.91,15.61,63.0,16.5,28.0,1003.6
2026-08-08 20:00:00,18.774810000000002,1051.54814,11.42,15.62,16.36,67.0,16.2,27.9,1004.0
2026-08-08 21:00:00,18.811490000000003,1051.54814,11.0,15.03,15.74,70.0,16.4,27.6,1004.9
2026-08-08 22:00:00,18.88645,1049.54814,11.41,14.64,15.33,75.0,17.1,27.5,1005.6
2026-08-08 23:00:00,18.82243,1037.66814,10.66,14.14,14.8,78.0,16.4,27.3,1005.5
2026-08-09 00:00:00,18.74274,1050.57001,9.97,13.23,13.85,81.0,15.3,27.2,1005.1
2026-08-09 01:00:00,18.78856,1050.57001,9.44,12.53,13.12,80.0,14.4,27.1,1004.9
2026-08-09 02:00:00,18.60162,1038.69001,9.15,12.13,12.7,80.0,13.9,27.0,1004.3
2026-08-09 03:00:00,18.33335,1005.57001,9.25,12.12,12.7,81.0,13.4,26.8,1003.9
2026-08-09 04:00:00,18.377959999999998,1038.69001,8.56,11.46,12.0,81.0,13.3,26.6,1004.0
2026-08-09 05:00:00,18.35905,990.07001,8.33,11.22,11.75,80.0,12.3,26.6,1004.0
2026-08-09 06:00:00,18.446369999999998,980.57001,8.13,10.98,11.5,82.0,12.0,26.6,1004.1
2026-08-09 07:00:00,18.4053,978.07001,8.77,11.0,11.52,76.0,13.1,28.0,1005.1
2026-08-09 08:00:00,18.39856,738.11401,9.21,11.1,11.62,77.0,14.1,29.9,1005.7
2026-08-09 09:00:00,18.09456,650.57001,9.5,11.25,11.78,80.0,14.8,32.0,1006.0
2026-08-09 10:00:00,18.13221,650.57001,9.45,11.03,11.55,79.0,15.2,33.5,1005.7
2026-08-09 11:00:00,16.966099999999997,978.07001,9.62,11.29,11.83,69.0,15.3,33.8,1005.1
2026-08-09 12:00:00,18.61088,978.07001,11.18,13.23,13.85,54.0,17.2,32.7,1004.3
2026-08-09 13:00:00,18.744169999999997,978.07001,12.99,15.65,16.39,47.0,19.5,31.6,1003.7
2026-08-09 14:00:00,18.71117,978.07001,12.77,16.0,16.75,47.0,19.7,30.0,1002.7
2026-08-09 15:00:00,18.725330000000003,980.57001,11.71,14.71,15.41,51.0,19.3,30.0,1002.2
2026-08-09 16:00:00,18.72259,1050.57001,11.1,14.17,14.84,53.0,17.6,29.6,1001.8
2026-08-09 17:00:00,18.70911,1050.57001,10.55,13.63,14.27,55.0,16.6,28.9,1002.1
2026-08-09 18:00:00,18.6535,1052.57001,9.43,12.72,13.32,60.0,15.5,28.1,1003.1
2026-08-09 19:00:00,18.15063,1055.57001,8.79,12.01,12.58,64.0,13.7,28.3,1004.3
2026-08-09 20:00:00,17.713729999999998,1055.57001,8.24,11.19,11.72,70.0,12.7,28.3,1005.3
2026-08-09 21:00:00,17.12157,1065.57001,8.82,11.3,11.83,76.0,13.1,28.3,1006.0
2026-08-09 22:00:00,15.97374,1055.57001,8.44,10.79,11.3,77.0,13.0,28.2,1006.2
2026-08-09 23:00:00,18.606189999999998,1052.57001,8.13,10.41,10.91,77.0,12.5,28.0,1005.8
2026-08-10 00:00:00,18.391869999999997,989.53324,6.93,9.76,10.22,76.0,12.0,27.7,1005.4
2026-08-10 01:00:00,18.453110000000002,989.53324,7.96,10.3,10.78,80.0,10.9,27.5,1005.3
2026-08-10 02:00:00,18.7796,989.53324,8.31,10.7,11.21,81.0,12.1,27.3,1004.3
2026-08-10 03:00:00,17.8157,989.53324,7.69,10.44,10.93,84.0,12.2,27.1,1004.0
2026-08-10 04:00:00,13.3497,989.53324,7.38,10.19,10.67,84.0,11.1,26.9,1004.3
2026-08-10 05:00:00,10.73231,989.53324,7.65,10.5,11.0,83.0,11.0,26.9,1004.2
2026-08-10 06:00:00,12.09154,989.53324,7.9,10.81,11.32,85.0,11.5,27.0,1004.5
2026-08-10 07:00:00,10.62345,676.95824,8.47,10.72,11.22,85.0,12.5,28.6,1005.4
2026-08-10 08:00:00,9.42874,649.73324,9.73,11.61,12.15,88.0,14.7,30.7,1005.8
2026-08-10 09:00:00,12.575959999999998,649.73324,9.71,11.45,11.99,90.0,15.2,33.2,1005.9
2026-08-10 10:00:00,13.20774,649.73324,9.21,10.82,11.33,90.0,15.1,35.0,1005.6
2026-08-10 11:00:00,11.06624,649.73324,8.94,10.52,11.02,85.0,14.7,35.8,1005.1
2026-08-10 12:00:00,15.57172,821.48824,8.98,10.68,11.19,73.0,14.5,35.8,1004.2
2026-08-10 13:00:00,18.77226,949.73324,9.55,11.53,12.07,63.0,16.9,35.4,1003.9
2026-08-10 14:00:00,18.82591,988.73324,11.51,14.29,14.97,58.0,17.4,32.8,1003.1
2026-08-10 15:00:00,18.837419999999998,989.53324,11.47,14.32,15.0,58.0,17.5,32.2,1002.8
2026-08-10 16:00:00,18.826340000000002,1047.73324,11.44,14.48,15.16,60.0,17.5,31.4,1002.5
2026-08-10 17:00:00,18.80905,1048.73324,10.79,14.06,14.72,63.0,17.0,30.2,1002.7
2026-08-10 18:00:00,18.761779999999998,1064.73324,10.76,14.71,15.41,67.0,15.9,28.8,1003.4
2026-08-10 19:00:00,18.728540000000002,1064.73324,11.7,15.99,16.74,66.0,15.7,28.5,1004.5
2026-08-10 20:00:00,18.76042,1064.73324,11.35,15.78,16.53,68.0,16.8,28.3,1005.5
2026-08-10 21:00:00,18.81448,1064.73324,11.62,15.41,16.14,74.0,17.0,28.3,1006.1
2026-08-10 22:00:00,18.79693,1061.73324,10.52,14.57,15.25,79.0,16.5,28.2,1006.7
2026-08-10 23:00:00,18.7592,1048.73324,10.22,13.76,14.41,81.0,15.0,28.1,1006.2
2026-08-11 00:00:00,18.759259999999998,989.10006,10.02,13.46,14.1,83.0,15.4,27.9,1005.6
2026-08-11 01:00:00,18.67859,989.10006,9.36,13.52,14.16,81.0,14.5,27.7,1005.5
2026-08-11 02:00:00,17.88138,988.90006,9.78,13.08,13.69,81.0,14.3,27.4,1004.9
2026-08-11 03:00:00,18.63333,988.90006,9.4,12.66,13.26,83.0,14.1,27.3,1004.5
2026-08-11 04:00:00,18.20927,988.90006,9.15,12.47,13.06,83.0,13.5,27.1,1004.4
2026-08-11 05:00:00,13.711889999999999,988.90006,9.06,12.33,12.91,85.0,13.2,26.9,1004.8
2026-08-11 06:00:00,13.45101,988.90006,8.82,11.9,12.46,87.0,13.1,27.0,1005.2
2026-08-11 07:00:00,15.731209999999999,988.90006,8.83,11.17,11.7,84.0,13.4,28.4,1006.2
2026-08-11 08:00:00,18.36751,988.90006,9.49,11.42,11.96,84.0,14.4,30.3,1006.2
2026-08-11 09:00:00,18.57516,988.60006,9.67,11.39,11.93,83.0,15.0,32.5,1006.1
2026-08-11 10:00:00,18.48618,988.90006,9.61,11.26,11.79,81.0,15.2,34.1,1005.7
2026-08-11 11:00:00,18.55557,988.90006,9.9,11.66,12.21,77.0,15.7,35.1,1004.8
2026-08-11 12:00:00,18.45555,988.90006,10.75,12.69,13.29,70.0,16.9,35.1,1003.7
2026-08-11 13:00:00,18.536939999999998,988.90006,10.65,12.79,13.39,69.0,18.1,35.4,1003.4
2026-08-11 14:00:00,18.55405,988.90006,11.39,13.7,14.35,61.0,17.5,33.6,1002.3
2026-08-11 15:00:00,18.57357,989.10006,12.42,15.02,15.73,55.0,18.9,31.6,1001.9
2026-08-11 16:00:00,18.577650000000002,990.10006,12.18,14.96,15.67,56.0,18.9,30.4,1001.7
2026-08-11 17:00:00,18.57984,991.10006,11.27,14.05,14.71,59.0,18.3,29.5,1002.0
2026-08-11 18:00:00,18.58493,1054.10006,10.34,13.91,14.56,63.0,16.8,28.5,1002.5
2026-08-11 19:00:00,18.55173,1054.10006,8.85,12.05,12.62,64.0,15.0,28.3,1004.0
2026-08-11 20:00:00,18.46582,1054.10006,8.39,11.63,12.18,67.0,12.9,27.9,1004.5
2026-08-11 21:00:00,18.559630000000002,1054.10006,8.57,11.74,12.29,69.0,12.4,27.8,1005.1
2026-08-11 22:00:00,18.598580000000002,1049.10006,9.74,12.61,13.21,70.0,14.3,27.7,1005.5
2026-08-11 23:00:00,18.597720000000002,991.10006,10.05,12.98,13.59,71.0,14.8,27.6,1005.2
2026-08-12 00:00:00,18.59206,990.10761,10.51,13.66,14.31,74.0,15.4,27.5,1004.4
2026-08-12 01:00:00,18.58509,990.10761,10.2,13.3,13.93,74.0,15.5,27.4,1004.0
2026-08-12 02:00:00,18.590799999999998,989.10761,10.0,13.03,13.64,76.0,15.0,27.3,1003.2
2026-08-12 03:00:00,18.52828,989.10761,10.1,13.18,13.8,77.0,14.8,27.2,1002.6
2026-08-12 04:00:00,18.563860000000002,989.10761,9.97,12.88,13.49,78.0,14.9,27.1,1002.7
2026-08-12 05:00:00,17.99932,990.10761,9.21,12.23,12.8,81.0,14.6,27.0,1002.9
2026-08-12 06:00:00,14.65615,989.10761,8.51,11.24,11.77,83.0,13.2,27.1,1003.3
2026-08-12 07:00:00,15.43252,989.00761,7.92,9.94,10.41,82.0,12.8,28.4,1004.3
2026-08-12 08:00:00,14.21504,988.90761,8.75,10.49,10.98,84.0,13.5,30.5,1004.8
2026-08-12 09:00:00,12.04362,988.90761,8.96,10.58,11.07,90.0,14.1,33.0,1004.4
2026-08-12 10:00:00,10.20659,988.90761,9.06,10.57,11.07,95.0,14.5,35.2,1003.9
2026-08-12 11:00:00,9.15997,989.00761,8.26,9.69,10.15,95.0,14.5,36.2,1003.1
2026-08-12 12:00:00,11.405520000000001,989.00761,7.41,8.68,9.08,89.0,13.6,37.2,1002.0
2026-08-12 13:00:00,13.83432,989.10761,7.31,8.79,9.2,78.0,12.8,36.9,1002.0
2026-08-12 14:00:00,18.17697,990.10761,7.8,9.66,10.12,71.0,12.3,35.3,1000.9
2026-08-12 15:00:00,18.55493,990.10761,8.9,11.29,11.83,58.0,13.7,33.1,1000.4
2026-08-12 16:00:00,18.55275,1029.10761,9.94,12.99,13.6,49.0,14.9,30.9,999.9
2026-08-12 17:00:00,18.57698,1029.10761,10.79,14.61,15.3,49.0,16.0,29.5,1000.3
2026-08-12 18:00:00,18.58361,1037.22761,10.39,14.61,15.3,57.0,16.1,28.8,1001.4
2026-08-12 19:00:00,18.32267,1053.10761,9.64,13.26,13.88,61.0,14.9,28.7,1003.0
2026-08-12 20:00:00,17.91334,1037.22761,8.14,11.04,11.57,67.0,13.7,28.6,1003.9
2026-08-12 21:00:00,17.91912,1053.10761,7.91,10.28,10.77,76.0,11.8,28.9,1004.8
2026-08-12 22:00:00,18.41589,1030.10761,8.6,11.09,11.61,80.0,12.6,28.9,1004.8
2026-08-12 23:00:00,18.48754,1029.10761,8.73,11.22,11.75,79.0,12.7,28.4,1004.5
2026-08-15 00:00:00,17.10189,1038.09789,10.94,14.59,15.27,79.0,16.7,27.8,1006.3
2026-08-15 01:00:00,17.097720000000002,1035.09789,11.0,14.28,14.95,76.0,15.7,27.7,1006.3
2026-08-15 02:00:00,17.08252,1035.09789,10.44,13.75,14.4,76.0,15.7,27.4,1005.8
2026-08-15 03:00:00,17.08697,1035.09789,9.92,13.1,13.72,79.0,15.0,27.3,1005.5
2026-08-15 04:00:00,17.050549999999998,1035.09789,9.55,12.7,13.3,78.0,14.3,27.0,1005.2
2026-08-15 05:00:00,15.37397,1034.09789,9.34,12.56,13.15,78.0,13.7,26.8,1005.2
2026-08-15 06:00:00,16.705959999999997,992.09789,8.82,11.9,12.47,77.0,13.4,26.9,1005.6
2026-08-15 07:00:00,17.03554,992.09789,8.24,10.44,10.93,76.0,13.9,28.1,1006.1
2026-08-15 08:00:00,17.23486,992.09789,8.98,10.83,11.34,76.0,13.7,29.8,1006.4
2026-08-15 09:00:00,17.01338,992.09789,9.74,11.6,12.14,77.0,15.2,31.8,1006.5
2026-08-15 10:00:00,16.82255,992.09789,9.57,11.32,11.85,74.0,15.4,32.5,1006.1
2026-08-15 11:00:00,16.96688,992.09789,9.67,11.56,12.1,59.0,15.3,32.2,1005.5
2026-08-15 12:00:00,8.44355,992.09789,10.75,12.89,13.5,51.0,16.8,31.8,1004.9
2026-08-15 13:00:00,16.96808,992.09789,11.04,13.54,14.18,45.0,17.6,31.4,1004.4
2026-08-15 14:00:00,17.09202,992.09789,11.49,14.08,14.74,42.0,17.8,30.5,1003.3
2026-08-15 15:00:00,17.1636,1034.09789,10.95,13.68,14.33,41.0,17.8,29.8,1002.5
2026-08-15 16:00:00,17.92034,1038.09789,10.76,13.65,14.3,43.0,16.9,29.2,1002.2
2026-08-15 17:00:00,18.571150000000003,1038.10789,10.08,13.14,13.76,48.0,16.4,28.7,1002.0
2026-08-15 18:00:00,17.33216,1038.11789,8.7,12.0,12.57,50.0,15.1,27.9,1002.6
2026-08-15 19:00:00,15.03257,1038.11789,7.29,10.73,11.23,50.0,12.8,27.8,1003.6
2026-08-15 20:00:00,8.75231,1038.11789,6.94,10.16,10.64,50.0,10.5,27.5,1003.5
2026-08-15 21:00:00,7.39454,1038.10789,6.22,9.59,10.04,47.0,10.1,27.1,1003.9
2026-08-15 22:00:00,5.04209,1038.10789,6.12,9.93,10.4,47.0,9.2,26.9,1004.6
2026-08-15 23:00:00,5.29492,1038.09789,6.87,9.45,9.89,52.0,9.9,27.0,1004.3
2026-08-16 00:00:00,5.36197,999.11739,6.26,8.59,8.99,64.0,10.3,27.2,1003.9
2026-08-16 01:00:00,4.75309,999.11739,5.39,7.48,7.84,78.0,9.3,27.4,1003.5
2026-08-16 02:00:00,3.0587600000000004,999.10739,5.01,6.81,7.13,84.0,8.1,27.5,1002.9
2026-08-16 03:00:00,2.94467,999.10739,4.81,6.5,6.81,86.0,7.2,27.3,1002.8
2026-08-16 04:00:00,2.52954,998.20739,4.18,6.23,6.52,81.0,6.9,26.9,1002.2
2026-08-16 05:00:00,7.6654,998.20739,5.07,7.11,7.45,81.0,7.3,26.9,1002.5
2026-08-16 06:00:00,5.89258,999.10739,5.73,7.84,8.21,79.0,8.1,27.1,1002.9
2026-08-16 07:00:00,2.30613,992.10739,6.12,7.78,8.14,76.0,10.2,28.2,1004.1
2026-08-16 08:00:00,3.89433,992.10739,7.82,9.41,9.86,81.0,12.1,30.2,1004.3
2026-08-16 09:00:00,4.606859999999999,984.10739,8.11,9.59,10.04,95.0,12.9,33.1,1004.6
2026-08-16 10:00:00,8.33209,984.10739,8.61,10.14,10.62,100.0,15.0,35.5,1004.2
2026-08-16 11:00:00,9.22682,992.10739,9.08,10.82,11.33,79.0,14.9,35.5,1004.1
2026-08-16 12:00:00,13.6705,992.10739,11.04,13.06,13.68,74.0,17.3,35.1,1003.0
2026-08-16 13:00:00,17.29242,992.10739,10.89,12.89,13.5,61.0,17.4,34.1,1002.5
2026-08-16 14:00:00,18.72389,998.20739,11.2,13.38,14.02,68.0,17.3,34.3,1001.7
2026-08-16 15:00:00,18.80252,999.11739,11.67,14.04,14.71,70.0,18.2,33.3,1001.3
2026-08-16 16:00:00,18.80536,999.11739,10.97,13.19,13.81,75.0,18.0,32.8,1001.1
2026-08-16 17:00:00,18.80508,999.11739,10.51,13.0,13.62,75.0,16.7,31.7,1001.1
2026-08-16 18:00:00,18.75876,1039.10739,9.45,12.39,12.98,77.0,15.6,30.5,1001.8
2026-08-16 19:00:00,18.80894,1039.10739,9.92,13.42,14.05,76.0,13.8,29.2,1002.7
2026-08-16 20:00:00,18.79784,1039.10739,9.88,13.42,14.05,76.0,14.6,28.6,1003.3
2026-08-16 21:00:00,18.81159,1039.10739,9.75,13.18,13.8,78.0,14.3,28.3,1004.0
2026-08-16 22:00:00,18.8052,1038.11739,10.63,13.62,14.26,80.0,15.6,28.1,1004.2
2026-08-16 23:00:00,18.8153,1019.10739,10.7,13.74,14.38,82.0,15.9,28.0,1004.4
2026-08-17 00:00:00,18.78935,1039.09621,10.2,13.1,13.72,83.0,15.6,27.8,1004.2
2026-08-17 01:00:00,17.593790000000002,1006.44921,9.87,12.73,13.33,81.0,15.0,27.6,1004.0
2026-08-17 02:00:00,13.188600000000001,995.09621,9.07,11.66,12.21,81.0,14.4,27.3,1003.8
2026-08-17 03:00:00,17.97341,995.09621,9.31,11.93,12.49,83.0,13.6,27.3,1004.0
2026-08-17 04:00:00,17.118779999999997,995.09621,8.61,11.44,11.98,86.0,13.6,27.2,1003.8
2026-08-17 05:00:00,18.13018,995.09621,8.49,11.27,11.8,84.0,12.7,27.2,1004.0
2026-08-17 06:00:00,16.93743,995.09621,8.4,11.22,11.75,84.0,12.4,27.1,1004.1
2026-08-17 07:00:00,16.55379,995.09621,8.62,10.93,11.44,78.0,12.7,28.2,1005.1
2026-08-17 08:00:00,16.72346,992.09621,9.05,10.9,11.41,77.0,13.9,29.7,1005.4
2026-08-17 09:00:00,16.31345,992.09621,8.86,10.57,11.07,76.0,14.1,31.6,1005.5
2026-08-17 10:00:00,15.52256,992.09621,8.9,10.48,10.98,67.0,14.1,32.6,1005.2
2026-08-17 11:00:00,15.44903,994.09621,9.76,11.53,12.08,57.0,15.4,33.1,1004.7
2026-08-17 12:00:00,9.8789,995.09621,11.63,13.95,14.6,50.0,17.9,32.4,1004.6
2026-08-17 13:00:00,9.52665,995.09621,11.92,14.45,15.13,49.0,18.9,32.1,1004.6
2026-08-17 14:00:00,12.92221,995.09621,11.23,13.93,14.59,47.0,18.1,31.2,1003.8
2026-08-17 15:00:00,16.8461,995.09621,11.54,14.44,15.12,45.0,17.6,30.3,1003.1
2026-08-17 16:00:00,17.87058,995.09621,11.16,14.27,14.94,46.0,17.6,29.4,1002.8
2026-08-17 17:00:00,18.45742,995.09621,10.19,13.32,13.95,52.0,16.8,28.8,1002.9
2026-08-17 18:00:00,18.1917,1039.59621,9.47,12.98,13.59,58.0,15.2,28.2,1003.7
2026-08-17 19:00:00,17.58879,1040.09621,8.43,11.9,12.46,58.0,13.8,28.1,1005.3
2026-08-17 20:00:00,17.15577,1039.59621,7.99,11.31,11.85,63.0,12.2,28.1,1006.1
2026-08-17 21:00:00,17.83236,1039.59621,7.98,10.62,11.12,69.0,11.6,28.1,1006.8
2026-08-17 22:00:00,17.63111,1039.59621,7.91,10.27,10.76,75.0,12.2,28.1,1006.9
2026-08-17 23:00:00,18.10811,1019.09621,8.14,10.5,10.99,80.0,12.0,28.1,1006.8
2026-08-18 00:00:00,17.39283,789.25092,7.94,10.6,11.1,78.0,12.1,27.9,1006.2
2026-08-18 01:00:00,14.30097,789.25092,6.82,9.92,10.39,71.0,11.4,27.4,1005.8
2026-08-18 02:00:00,15.93369,789.25092,7.09,9.5,9.94,73.0,10.2,27.2,1005.6
2026-08-18 03:00:00,10.55302,789.25092,6.59,8.7,9.11,76.0,10.7,27.1,1005.3
2026-08-18 04:00:00,12.1379,789.25092,5.82,7.88,8.26,76.0,9.7,27.1,1005.4
2026-08-18 05:00:00,12.5805,789.25092,6.05,8.2,8.59,79.0,8.9,27.0,1005.7
2026-08-18 06:00:00,6.71652,789.25092,5.82,7.78,8.15,80.0,8.9,27.0,1005.7
2026-08-18 07:00:00,4.42881,789.25092,6.59,8.59,9.0,76.0,9.4,28.3,1006.4
2026-08-18 08:00:00,13.68117,789.25092,7.23,8.7,9.11,73.0,11.4,29.9,1006.9
2026-08-18 09:00:00,11.06181,789.25092,7.63,9.04,9.46,70.0,12.4,31.4,1007.2
2026-08-18 10:00:00,4.92042,789.25092,7.81,9.24,9.68,62.0,13.2,32.4,1006.7
2026-08-18 11:00:00,5.56114,789.25092,9.55,11.36,11.89,48.0,14.8,31.7,1006.3
2026-08-18 12:00:00,7.71302,789.25092,11.53,13.79,14.44,52.0,17.9,31.7,1005.6
2026-08-18 13:00:00,8.86266,789.25092,11.17,13.89,14.55,44.0,17.7,30.7,1005.7
2026-08-18 14:00:00,18.55498,798.25092,11.23,13.97,14.63,43.0,17.5,30.4,1004.6
2026-08-18 15:00:00,18.55417,999.25092,10.62,13.34,13.97,47.0,17.4,30.1,1003.7
2026-08-18 16:00:00,18.525509999999997,1000.25092,9.7,12.32,12.9,53.0,16.4,29.8,1003.3
2026-08-18 17:00:00,18.268759999999997,1000.25092,8.92,11.58,12.13,59.0,14.9,29.4,1003.5
2026-08-18 18:00:00,17.611909999999998,1048.25092,8.39,11.46,12.01,63.0,13.4,28.7,1004.0
2026-08-18 19:00:00,16.22059,1048.25092,8.05,11.72,12.27,61.0,12.3,27.9,1004.9
2026-08-18 20:00:00,16.11876,1048.25092,7.72,11.25,11.78,63.0,11.5,27.8,1005.5
2026-08-18 21:00:00,16.82134,1020.25092,7.56,10.77,11.28,64.0,11.1,27.7,1006.0
2026-08-18 22:00:00,16.00554,1000.25092,8.07,10.63,11.14,71.0,12.0,27.6,1006.3
2026-08-18 23:00:00,17.30974,999.25092,8.07,10.66,11.17,72.0,11.9,27.5,1006.0
2026-08-19 00:00:00,17.73762,690.18609,8.43,11.1,11.62,73.0,12.3,27.3,1005.2
2026-08-19 01:00:00,17.13852,690.18609,8.41,11.02,11.54,76.0,12.5,27.3,1005.0
2026-08-19 02:00:00,16.74317,690.18609,8.26,10.93,11.45,79.0,12.4,27.3,1004.3
2026-08-19 03:00:00,13.15674,690.18609,7.7,10.42,10.91,81.0,11.8,27.2,1003.7
2026-08-19 04:00:00,12.279959999999999,690.18609,7.33,10.04,10.52,84.0,11.0,27.0,1003.7
2026-08-19 05:00:00,9.36558,690.18609,7.26,10.01,10.48,83.0,10.6,26.9,1003.8
2026-08-19 06:00:00,9.312149999999999,690.18609,7.34,10.05,10.52,84.0,10.5,26.9,1003.6
2026-08-19 07:00:00,13.045350000000001,660.18609,6.94,8.87,9.29,84.0,11.4,28.5,1004.0
2026-08-19 08:00:00,11.35957,660.18609,7.59,9.08,9.5,87.0,11.8,30.4,1004.4
2026-08-19 09:00:00,11.51884,660.18609,7.9,9.36,9.8,91.0,12.6,32.9,1004.4
2026-08-19 10:00:00,15.250680000000001,660.18609,8.2,9.71,10.17,93.0,13.3,35.0,1004.2
2026-08-19 11:00:00,17.76907,660.18609,8.08,9.66,10.11,88.0,13.4,36.1,1003.5
2026-08-19 12:00:00,16.50122,660.18609,8.56,10.43,10.93,72.0,13.8,35.7,1002.8
2026-08-19 13:00:00,17.862779999999997,660.18609,8.73,10.72,11.22,70.0,14.8,35.7,1002.4
2026-08-19 14:00:00,18.618380000000002,690.18609,9.95,12.69,13.29,59.0,15.2,32.3,1001.8
2026-08-19 15:00:00,15.174790000000002,800.18609,11.75,14.96,15.67,52.0,17.8,30.5,1001.7
2026-08-19 16:00:00,12.1894,800.18609,11.01,14.49,15.17,52.0,17.6,29.7,1001.6
2026-08-19 17:00:00,18.44829,900.18609,9.41,12.52,13.11,58.0,16.4,29.2,1002.3
2026-08-19 18:00:00,18.52804,1001.28609,8.4,11.68,12.23,63.0,13.9,28.4,1003.0
2026-08-19 19:00:00,18.502779999999998,1045.28609,8.33,11.75,12.3,63.0,12.2,28.7,1003.5
2026-08-19 20:00:00,18.57002,1001.28609,8.81,12.56,13.16,66.0,12.6,28.3,1004.2
2026-08-19 21:00:00,18.52985,1001.28609,9.77,13.84,14.49,72.0,14.3,28.2,1004.8
2026-08-19 22:00:00,18.55194,900.18609,9.93,14.4,15.08,77.0,14.2,28.1,1005.3
2026-08-19 23:00:00,18.5609,800.18609,10.15,14.69,15.39,80.0,15.6,28.0,1005.1
2026-08-21 00:00:00,18.927919999999997,690.27984,10.7,13.72,14.37,82.0,15.7,28.1,1005.3
2026-08-21 01:00:00,18.35796,690.27984,10.39,13.39,14.02,81.0,15.7,27.9,1005.0
2026-08-21 02:00:00,18.11714,699.27984,9.79,12.59,13.18,82.0,15.2,27.9,1004.5
2026-08-21 03:00:00,17.09034,699.27984,8.86,11.63,12.18,86.0,14.3,27.7,1004.7
2026-08-21 04:00:00,18.92915,699.27984,8.19,10.89,11.4,86.0,13.0,27.6,1004.6
2026-08-21 05:00:00,18.03982,705.92084,7.42,10.05,10.52,87.0,11.8,27.5,1005.0
2026-08-21 06:00:00,15.30418,690.27984,7.83,10.32,10.81,85.0,11.1,27.6,1004.9
2026-08-21 07:00:00,11.83955,629.27984,8.15,10.11,10.59,83.0,12.8,28.7,1005.8
2026-08-21 08:00:00,18.32346,625.27984,9.27,11.1,11.62,85.0,14.0,30.7,1006.1
2026-08-21 09:00:00,18.83005,625.27984,10.26,12.14,12.71,89.0,15.8,33.1,1006.2
2026-08-21 10:00:00,18.92856,629.27984,9.91,11.6,12.15,89.0,16.1,34.5,1005.9
2026-08-21 11:00:00,18.90331,690.27984,9.97,11.68,12.24,85.0,15.8,35.6,1005.5
2026-08-21 12:00:00,17.22605,690.27984,9.84,11.58,12.12,78.0,15.8,35.0,1004.7
2026-08-21 13:00:00,18.54037,700.27984,11.47,13.55,14.19,66.0,16.4,33.4,1004.5
2026-08-21 14:00:00,18.94754,700.27984,11.48,13.65,14.29,65.0,17.4,32.6,1003.4
2026-08-21 15:00:00,18.94185,915.27984,11.41,13.78,14.43,65.0,17.9,31.7,1002.9
2026-08-21 16:00:00,18.95031,920.27984,10.96,13.34,13.97,67.0,17.6,31.2,1002.7
2026-08-21 17:00:00,18.918860000000002,1003.27984,11.46,14.26,14.93,70.0,16.9,30.1,1003.2
2026-08-21 18:00:00,18.86928,1045.27984,10.89,14.29,14.96,73.0,16.9,29.1,1003.8
2026-08-21 19:00:00,18.63591,1045.27984,10.03,13.0,13.61,74.0,15.8,28.1,1005.4
2026-08-21 20:00:00,17.859240000000003,1003.27984,9.55,12.8,13.4,74.0,14.9,28.0,1005.7
2026-08-21 21:00:00,14.4274,1003.27984,9.83,12.87,13.47,78.0,14.2,27.9,1006.2
2026-08-21 22:00:00,14.25699,920.27984,9.31,12.32,12.9,76.0,14.0,27.5,1006.3
2026-08-21 23:00:00,18.33106,915.27984,9.6,12.68,13.28,76.0,13.7,27.3,1006.0
2026-08-22 00:00:00,18.15494,701.62707,9.36,12.35,12.93,79.0,13.8,27.3,1005.5
2026-08-22 01:00:00,18.37087,738.17107,9.19,12.1,12.67,78.0,13.4,27.2,1005.2
2026-08-22 02:00:00,16.23684,738.17107,8.73,11.61,12.16,81.0,13.1,27.1,1005.1
2026-08-22 03:00:00,17.35475,701.62707,8.34,11.56,12.1,82.0,12.5,27.0,1005.0
2026-08-22 04:00:00,16.77894,738.17107,8.13,11.27,11.8,80.0,12.1,27.0,1004.8
2026-08-22 05:00:00,13.623149999999999,701.62707,7.99,11.0,11.52,80.0,11.7,26.9,1005.0
2026-08-22 06:00:00,12.108049999999999,701.62707,7.7,10.47,10.97,81.0,11.5,26.9,1005.1
2026-08-22 07:00:00,15.80797,701.62707,7.7,9.69,10.15,82.0,12.0,27.8,1005.9
2026-08-22 08:00:00,17.84773,700.62707,8.29,10.01,10.48,80.0,12.6,29.2,1006.3
2026-08-22 09:00:00,13.80976,700.62707,8.19,9.73,10.19,76.0,12.9,30.8,1006.2
2026-08-22 10:00:00,9.593069999999999,699.62707,7.98,9.42,9.86,73.0,12.8,32.3,1005.8
2026-08-22 11:00:00,17.11045,699.62707,8.66,10.32,10.81,51.0,13.6,31.9,1005.0
2026-08-22 12:00:00,18.88785,699.62707,9.72,11.77,12.33,56.0,15.3,33.1,1003.8
2026-08-22 13:00:00,18.83209,699.62707,11.24,13.7,14.34,50.0,15.6,32.5,1003.5
2026-08-22 14:00:00,18.84492,699.62707,11.58,14.45,15.14,53.0,18.0,31.3,1003.0
2026-08-22 15:00:00,18.87857,700.62707,10.56,13.16,13.78,54.0,17.6,31.0,1001.9
2026-08-22 16:00:00,18.72933,700.62707,9.3,11.83,12.39,53.0,16.1,29.9,1002.0
2026-08-22 17:00:00,18.71886,701.62707,9.12,12.1,12.67,55.0,14.2,29.0,1002.1
2026-08-22 18:00:00,18.864369999999997,920.62707,8.39,11.56,12.1,57.0,13.6,28.1,1002.9
2026-08-22 19:00:00,18.4623,1003.62707,8.01,10.77,11.28,62.0,12.2,28.0,1004.3
2026-08-22 20:00:00,15.58566,802.62707,7.33,9.81,10.28,65.0,11.6,27.8,1005.0
2026-08-22 21:00:00,16.589830000000003,802.62707,7.68,9.79,10.26,74.0,11.6,28.0,1005.5
2026-08-22 22:00:00,14.19933,802.62707,7.61,9.73,10.19,74.0,11.4,28.0,1005.6
2026-08-22 23:00:00,14.24997,801.62707,7.87,10.04,10.51,68.0,11.5,27.7,1005.3
2026-08-23 00:00:00,17.02607,890.02186,8.21,10.58,11.08,66.0,12.0,27.4,1004.9
2026-08-23 01:00:00,16.95375,696.35386,8.34,10.8,11.31,66.0,12.2,27.2,1005.3
2026-08-23 02:00:00,13.85477,696.35386,8.46,10.8,11.31,69.0,12.5,27.2,1004.7
2026-08-23 03:00:00,15.203479999999999,696.35386,8.27,10.75,11.25,73.0,12.4,27.1,1004.1
2026-08-23 04:00:00,17.0488,696.35386,7.39,10.07,10.55,75.0,12.1,27.2,1004.2
2026-08-23 05:00:00,14.64255,696.35386,7.23,9.91,10.38,78.0,10.7,27.2,1004.7
2026-08-23 06:00:00,10.4486,691.02186,7.17,9.53,9.98,81.0,10.4,27.5,1004.7
2026-08-23 07:00:00,5.96189,610.02186,6.8,8.58,8.99,76.0,11.7,28.7,1005.2
2026-08-23 08:00:00,6.02125,610.02186,7.56,9.04,9.46,81.0,11.9,30.4,1005.3
2026-08-23 09:00:00,6.0714,610.02186,7.7,9.02,9.45,92.0,12.4,33.3,1005.3
2026-08-23 10:00:00,4.78937,610.02186,7.12,8.34,8.73,96.0,12.7,34.9,1005.3
2026-08-23 11:00:00,16.604470000000003,610.02186,6.6,7.8,8.17,90.0,12.4,35.6,1004.7
2026-08-23 12:00:00,18.84916,690.02186,6.89,8.28,8.67,68.0,11.8,34.5,1003.9
2026-08-23 13:00:00,18.8719,691.02186,8.92,10.76,11.27,56.0,15.4,33.8,1003.4
2026-08-23 14:00:00,18.83409,695.02186,10.01,12.2,12.77,58.0,15.3,31.7,1002.2
2026-08-23 15:00:00,18.68216,695.02186,9.62,11.82,12.38,61.0,15.3,31.5,1002.0
2026-08-23 16:00:00,18.86681,890.02186,9.48,11.89,12.45,59.0,14.6,30.7,1002.3
2026-08-23 17:00:00,18.76463,921.02186,9.17,11.69,12.24,65.0,14.5,29.9,1002.9
2026-08-23 18:00:00,18.144779999999997,921.02186,7.32,10.09,10.57,71.0,13.4,29.0,1003.7
2026-08-23 19:00:00,12.9557,921.02186,6.82,9.19,9.62,67.0,10.4,29.1,1004.5
2026-08-23 20:00:00,9.979479999999999,921.02186,6.33,8.64,9.05,66.0,10.0,28.8,1005.1
2026-08-23 21:00:00,8.799850000000001,1003.02186,6.01,8.14,8.52,71.0,9.4,28.7,1005.8
2026-08-23 22:00:00,9.70824,930.02186,5.55,7.45,7.8,76.0,8.8,28.6,1006.0
2026-08-23 23:00:00,11.08836,890.02186,5.67,7.37,7.72,78.0,8.3,28.5,1005.7
2026-08-24 00:00:00,14.297360000000001,929.57233,5.77,7.45,7.8,79.0,8.7,28.3,1005.0
2026-08-24 01:00:00,10.8949,929.57233,5.99,7.77,8.13,72.0,8.5,27.6,1005.3
2026-08-24 02:00:00,7.72804,898.57233,6.36,8.16,8.54,75.0,9.2,27.4,1004.8
2026-08-24 03:00:00,4.716279999999999,898.57233,6.66,8.58,8.99,75.0,9.7,27.3,1004.5
2026-08-24 04:00:00,4.33723,929.57233,6.94,8.96,9.38,80.0,10.1,27.1,1004.5
2026-08-24 05:00:00,7.41216,929.57233,6.82,9.01,9.44,82.0,10.2,27.0,1004.5
2026-08-24 06:00:00,7.52827,929.57233,7.38,9.65,10.1,80.0,10.4,27.1,1004.3
2026-08-24 07:00:00,6.3571599999999995,799.57233,8.06,9.89,10.36,80.0,11.9,28.5,1005.1
2026-08-24 08:00:00,11.71569,693.03633,8.89,10.39,10.88,80.0,13.6,30.3,1005.5
2026-08-24 09:00:00,18.21294,693.03633,8.72,10.1,10.58,81.0,13.9,32.4,1005.5
2026-08-24 10:00:00,18.908279999999998,693.03633,9.07,10.43,10.92,78.0,14.4,34.0,1004.8
2026-08-24 11:00:00,18.9322,693.03633,9.9,11.44,11.97,72.0,15.7,34.8,1004.1
2026-08-24 12:00:00,18.9187,799.57233,11.22,12.98,13.59,71.0,17.4,35.2,1003.3
2026-08-24 13:00:00,18.89815,898.57233,10.84,12.67,13.27,70.0,17.8,35.5,1002.9
2026-08-24 14:00:00,18.892409999999998,935.57233,10.32,12.24,12.82,70.0,16.9,34.4,1002.4
2026-08-24 15:00:00,18.88645,935.57233,10.52,12.45,13.03,69.0,16.4,33.7,1001.8
2026-08-24 16:00:00,18.87021,935.57233,10.89,13.2,13.82,67.0,16.9,32.5,1001.4
2026-08-24 17:00:00,18.80038,959.57233,10.78,13.41,14.04,67.0,16.8,31.1,1001.5
2026-08-24 18:00:00,18.4818,1002.57233,9.97,12.79,13.39,69.0,16.3,29.6,1001.9
2026-08-24 19:00:00,18.47155,1045.57233,9.23,11.96,12.52,72.0,14.7,28.9,1003.1
2026-08-24 20:00:00,18.724040000000002,1002.57233,9.43,12.23,12.81,74.0,13.6,28.8,1003.7
2026-08-24 21:00:00,18.699740000000002,1064.57233,9.83,12.79,13.4,77.0,14.1,28.7,1004.3
2026-08-24 22:00:00,18.6172,799.57233,9.92,12.9,13.51,80.0,14.4,28.6,1004.8
2026-08-24 23:00:00,18.73353,959.57233,9.78,12.78,13.38,85.0,14.3,28.5,1004.5
2026-08-25 00:00:00,18.77588,986.52676,9.49,12.6,13.2,86.0,14.1,28.2,1003.9
2026-08-25 01:00:00,18.83646,957.55676,9.07,12.14,12.72,84.0,13.9,27.9,1004.0
2026-08-25 02:00:00,18.57518,909.12276,9.02,12.09,12.66,84.0,13.3,27.7,1003.5
2026-08-25 03:00:00,17.86169,909.12276,9.3,12.32,12.91,85.0,13.4,27.4,1003.0
2026-08-25 04:00:00,18.74101,999.02276,9.18,12.2,12.78,87.0,13.4,27.3,1003.0
2026-08-25 05:00:00,18.733900000000002,999.02276,8.67,11.61,12.15,88.0,13.3,27.2,1003.7
2026-08-25 06:00:00,17.21567,999.02276,8.32,11.12,11.64,88.0,12.5,27.3,1004.2
2026-08-25 07:00:00,18.26975,909.12276,8.77,10.73,11.24,88.0,13.2,28.7,1005.0
2026-08-25 08:00:00,18.90166,840.02776,9.73,11.38,11.91,87.0,14.7,30.5,1005.4
2026-08-25 09:00:00,18.92259,840.02776,10.51,12.17,12.75,85.0,16.1,32.6,1005.3
2026-08-25 10:00:00,18.90584,909.12276,10.56,12.21,12.78,84.0,16.6,34.3,1005.1
2026-08-25 11:00:00,18.91588,909.12276,10.58,12.21,12.79,80.0,17.1,35.4,1004.4
2026-08-25 12:00:00,18.92408,939.12276,11.05,12.79,13.4,75.0,17.4,35.7,1003.3
2026-08-25 13:00:00,18.90655,999.02276,11.4,13.34,13.97,69.0,18.9,35.6,1003.0
2026-08-25 14:00:00,18.9168,999.02276,12.31,14.67,15.36,63.0,18.6,33.4,1002.4
2026-08-25 15:00:00,18.91686,1002.12276,12.55,15.15,15.86,64.0,19.4,32.4,1001.5
2026-08-25 16:00:00,18.915860000000002,1044.12276,12.38,15.11,15.82,63.0,19.0,31.3,1001.3
2026-08-25 17:00:00,18.87384,1046.12276,11.65,14.43,15.11,64.0,18.6,30.2,1001.6
2026-08-25 18:00:00,18.843790000000002,1064.12276,10.83,13.75,14.4,67.0,17.2,29.0,1001.9
2026-08-25 19:00:00,18.83102,840.02776,10.56,13.52,14.16,67.0,15.7,28.8,1003.1
2026-08-25 20:00:00,18.8815,1064.12276,11.21,14.4,15.08,69.0,16.3,28.5,1003.9
2026-08-25 21:00:00,18.89229,1048.12276,11.49,14.8,15.5,70.0,16.8,28.2,1004.6
2026-08-25 22:00:00,18.77141,1046.12276,10.63,13.83,14.48,76.0,16.6,28.1,1005.1
2026-08-25 23:00:00,18.31017,1037.24276,9.86,12.65,13.25,79.0,15.4,27.9,1004.9
2026-08-26 00:00:00,18.754450000000002,821.67432,9.49,12.42,13.01,81.0,14.2,27.9,1004.0
2026-08-26 01:00:00,18.855169999999998,1014.67432,9.97,13.12,13.74,81.0,13.8,27.7,1004.2
2026-08-26 02:00:00,18.82025,1014.67432,10.12,13.3,13.93,83.0,14.6,27.5,1003.6
2026-08-26 03:00:00,18.87799,1014.67432,9.98,13.08,13.7,84.0,14.7,27.3,1003.0
2026-08-26 04:00:00,18.895799999999998,1014.67432,9.68,12.78,13.38,85.0,14.4,27.1,1002.9
2026-08-26 05:00:00,18.9202,1019.67432,9.6,12.71,13.31,83.0,14.0,27.0,1003.2
2026-08-26 06:00:00,18.92483,1014.67432,9.28,12.2,12.78,87.0,13.9,27.1,1003.6
2026-08-26 07:00:00,18.79193,958.42232,10.09,12.36,12.95,82.0,14.1,28.6,1004.3
2026-08-26 08:00:00,18.71035,949.67432,10.68,12.63,13.23,84.0,16.1,30.6,1004.8
2026-08-26 09:00:00,18.46744,939.67432,10.46,12.23,12.81,89.0,16.3,32.9,1004.9
2026-08-26 10:00:00,17.00758,949.67432,10.81,12.56,13.16,86.0,16.8,34.4,1004.5
2026-08-26 11:00:00,17.03475,949.67432,11.17,12.94,13.55,81.0,17.5,35.2,1004.1
2026-08-26 12:00:00,17.03754,949.67432,11.45,13.34,13.97,77.0,17.8,35.8,1003.1
2026-08-26 13:00:00,17.67832,958.42232,12.7,14.76,15.46,69.0,18.9,34.8,1003.1
2026-08-26 14:00:00,18.88491,1014.67432,12.34,14.64,15.33,69.0,19.5,33.8,1002.4
2026-08-26 15:00:00,18.8885,1014.67432,12.52,14.9,15.6,66.0,19.2,32.8,1001.7
2026-08-26 16:00:00,18.890349999999998,1019.67432,13.06,15.76,16.5,67.0,19.8,31.7,1001.5
2026-08-26 17:00:00,18.90898,1047.67432,12.92,15.87,16.62,70.0,19.8,30.6,1001.6
2026-08-26 18:00:00,18.91457,1064.67432,12.17,15.2,15.92,73.0,19.2,29.4,1002.3
2026-08-26 19:00:00,18.911360000000002,1064.67432,11.69,14.79,15.49,74.0,17.8,28.9,1003.1
2026-08-26 20:00:00,18.911360000000002,1064.67432,11.01,14.05,14.71,78.0,17.1,28.7,1003.9
2026-08-26 21:00:00,18.911330000000003,1059.67432,10.95,14.01,14.67,81.0,16.1,28.4,1004.1
2026-08-26 22:00:00,18.91477,1059.67432,9.94,12.95,13.56,86.0,15.8,28.3,1004.5
2026-08-26 23:00:00,18.8888,1019.67432,9.28,12.25,12.83,87.0,14.4,28.1,1004.5
2026-08-27 00:00:00,18.53871,1014.19609,8.83,11.72,12.27,84.0,13.4,27.9,1004.0
2026-08-27 01:00:00,17.84038,1014.19609,8.95,11.59,12.14,83.0,13.0,27.8,1003.9
2026-08-27 02:00:00,18.01353,998.19609,8.55,11.1,11.63,83.0,13.0,27.4,1003.2
2026-08-27 03:00:00,18.893919999999998,1014.19609,8.55,11.34,11.87,86.0,12.5,27.5,1003.2
2026-08-27 04:00:00,18.930400000000002,1014.19609,8.42,11.07,11.59,84.0,12.4,27.3,1003.3
2026-08-27 05:00:00,18.603939999999998,1014.19609,8.47,11.16,11.69,82.0,12.2,27.0,1003.5
2026-08-27 06:00:00,18.902150000000002,1014.19609,8.46,10.95,11.46,83.0,12.2,26.9,1003.6
2026-08-27 07:00:00,18.87155,960.39309,9.32,11.42,11.96,79.0,13.0,28.2,1004.2
2026-08-27 08:00:00,18.8053,960.39309,10.42,12.29,12.87,81.0,15.5,30.4,1004.8
2026-08-27 09:00:00,17.50414,960.39309,10.84,12.68,13.28,82.0,16.8,32.5,1004.7
2026-08-27 10:00:00,17.05386,998.19609,10.94,12.7,13.29,75.0,17.0,33.6,1004.2
2026-08-27 11:00:00,17.05203,1014.19609,11.36,13.26,13.88,70.0,17.6,34.1,1003.8
2026-08-27 12:00:00,17.069209999999998,1014.19609,11.88,13.86,14.52,68.0,18.5,34.2,1002.9
2026-08-27 13:00:00,18.86634,1014.19609,11.72,13.82,14.47,65.0,19.1,34.1,1002.7
2026-08-27 14:00:00,17.42625,1014.19609,11.91,14.21,14.88,62.0,18.2,32.6,1002.2
2026-08-27 15:00:00,17.01574,1019.19609,11.52,13.77,14.42,66.0,18.5,31.8,1001.4
2026-08-27 16:00:00,17.04275,1029.19609,11.38,13.72,14.36,65.0,17.7,30.9,1001.1
2026-08-27 17:00:00,17.8661,1037.31609,11.05,13.57,14.21,66.0,17.2,30.1,1001.2
2026-08-27 18:00:00,18.84306,1059.19609,10.34,13.27,13.89,68.0,16.4,28.8,1001.5
2026-08-27 19:00:00,18.41522,1064.19709,10.71,13.18,13.8,72.0,15.0,28.7,1002.7
2026-08-27 20:00:00,18.65455,1059.19609,9.98,12.67,13.27,72.0,15.2,28.5,1003.1
2026-08-27 21:00:00,18.69446,1059.19609,9.44,12.02,12.59,72.0,14.7,28.3,1003.7
2026-08-27 22:00:00,18.811139999999998,1059.19609,9.45,12.13,12.7,71.0,13.9,28.1,1004.0
2026-08-27 23:00:00,18.73513,1019.19609,9.65,12.33,12.91,72.0,14.1,27.9,1004.0
2026-08-28 00:00:00,18.38262,1015.19122,9.24,11.88,12.44,75.0,14.1,27.8,1003.6
2026-08-28 01:00:00,16.17865,1015.19122,9.34,11.86,12.42,73.0,13.6,27.7,1003.8
2026-08-28 02:00:00,18.70607,1015.19122,8.54,10.9,11.42,74.0,13.7,27.2,1003.2
2026-08-28 03:00:00,18.745810000000002,1015.19122,8.11,10.59,11.09,77.0,12.4,27.2,1003.0
2026-08-28 04:00:00,18.75956,1015.19122,7.5,9.87,10.34,81.0,11.8,27.2,1003.2
2026-08-28 05:00:00,18.81472,1015.19122,7.57,9.88,10.34,81.0,11.3,27.2,1003.5
2026-08-28 06:00:00,17.14658,1015.19122,7.81,10.2,10.68,81.0,11.2,27.2,1003.6
2026-08-28 07:00:00,18.19896,998.19122,8.35,10.33,10.82,76.0,12.8,28.2,1004.6
2026-08-28 08:00:00,18.37806,805.52922,8.98,10.67,11.18,77.0,13.8,30.1,1004.9
2026-08-28 09:00:00,17.97924,966.46722,9.12,10.64,11.14,82.0,14.5,32.4,1005.2
2026-08-28 10:00:00,18.52048,966.46722,8.75,10.2,10.68,77.0,14.4,33.9,1004.8
2026-08-28 11:00:00,17.73,1004.19122,9.32,10.87,11.39,67.0,14.9,34.3,1004.1
2026-08-28 12:00:00,17.013080000000002,1004.19122,10.32,12.13,12.7,61.0,16.2,34.2,1003.2
2026-08-28 13:00:00,17.72507,1015.19122,11.68,13.89,14.55,52.0,18.1,33.1,1002.9
2026-08-28 14:00:00,18.87327,1004.19122,12.02,14.53,15.22,50.0,18.1,30.8,1002.1
2026-08-28 15:00:00,18.8766,1015.19122,11.57,14.04,14.71,57.0,18.2,30.7,1001.2
2026-08-28 16:00:00,18.87644,1039.19122,10.62,13.05,13.66,59.0,17.5,30.2,1001.0
2026-08-28 17:00:00,18.895169999999997,1048.19122,10.34,12.88,13.49,63.0,15.9,29.4,1001.2
2026-08-28 18:00:00,18.787779999999998,1059.19122,9.42,12.35,12.93,66.0,15.2,28.4,1001.6
2026-08-28 19:00:00,18.772779999999997,1064.19122,9.03,11.53,12.07,71.0,14.2,28.4,1002.5
2026-08-28 20:00:00,18.28975,1059.19122,8.45,10.71,11.22,75.0,13.2,28.3,1003.3
2026-08-28 21:00:00,17.146240000000002,1059.19122,8.02,10.31,10.8,75.0,12.4,28.3,1004.1
2026-08-28 22:00:00,17.94077,1059.19122,8.1,10.34,10.83,76.0,11.9,28.3,1004.5
2026-08-28 23:00:00,18.21934,1059.19122,8.5,10.89,11.4,77.0,12.8,28.2,1004.5
2026-08-29 00:00:00,17.97907,1053.45821,8.7,11.18,11.71,76.0,12.8,28.0,1004.1
2026-08-29 01:00:00,17.98861,1049.08921,9.11,11.64,12.19,75.0,12.9,27.8,1003.9
2026-08-29 02:00:00,15.758280000000001,1048.08921,8.56,10.98,11.5,75.0,13.4,27.6,1003.3
2026-08-29 03:00:00,9.73031,1047.08921,8.2,10.6,11.1,78.0,12.6,27.5,1003.1
2026-08-29 04:00:00,9.87036,1043.08921,8.21,10.76,11.27,81.0,12.1,27.4,1003.0
2026-08-29 05:00:00,9.038440000000001,1043.08921,7.98,10.59,11.09,82.0,11.8,27.2,1003.6
2026-08-29 06:00:00,12.75549,1020.17321,7.72,10.17,10.65,83.0,11.6,27.3,1003.9
2026-08-29 07:00:00,17.34709,1019.09021,7.72,9.62,10.07,78.0,11.7,28.5,1004.3
2026-08-29 08:00:00,17.60291,907.61121,8.86,10.55,11.05,81.0,13.5,30.4,1004.8
2026-08-29 09:00:00,18.35812,907.61121,8.9,10.45,10.95,86.0,14.3,32.9,1004.8
2026-08-29 10:00:00,18.4406,1003.08921,7.9,9.32,9.76,78.0,14.1,33.9,1004.5
2026-08-29 11:00:00,18.40676,1019.09021,10.32,12.18,12.76,53.0,15.9,32.8,1004.4
2026-08-29 12:00:00,18.841669999999997,1020.17321,11.76,13.85,14.5,53.0,18.4,32.7,1003.5
2026-08-29 13:00:00,18.36837,1043.08921,8.61,10.1,10.58,61.0,18.2,33.7,1003.0
2026-08-29 14:00:00,18.8774,1048.08921,9.51,11.45,11.99,50.0,14.9,32.2,1002.2
2026-08-29 15:00:00,18.88165,1048.08921,10.85,13.2,13.82,44.0,16.5,30.9,1001.2
2026-08-29 16:00:00,18.89766,1049.08921,10.9,13.59,14.23,43.0,17.1,29.5,1001.3
2026-08-29 17:00:00,18.91111,1043.08921,9.56,12.2,12.78,46.0,16.5,28.7,1001.6
2026-08-29 18:00:00,18.5695,1048.08921,8.69,11.53,12.07,53.0,14.4,28.1,1002.4
2026-08-29 19:00:00,18.34177,1048.08921,8.88,12.01,12.57,58.0,12.8,28.3,1002.9
2026-08-29 20:00:00,18.42946,1048.08921,8.68,11.73,12.28,64.0,12.9,28.2,1003.7
2026-08-29 21:00:00,18.46345,1049.08921,9.62,12.34,12.92,69.0,14.0,28.4,1004.4
2026-08-29 22:00:00,18.67578,1048.08921,10.25,13.12,13.73,72.0,15.0,28.5,1004.8
2026-08-29 23:00:00,18.89314,1043.08921,10.36,13.28,13.9,75.0,15.5,28.4,1005.0
2026-08-30 00:00:00,18.69491,1045.52635,9.94,12.81,13.41,78.0,15.2,28.2,1004.9
2026-08-30 01:00:00,17.30791,1041.52635,9.66,12.39,12.97,75.0,14.6,28.0,1004.7
2026-08-30 02:00:00,16.60467,1039.64635,8.75,11.27,11.8,75.0,14.1,27.6,1004.1
2026-08-30 03:00:00,17.266869999999997,1039.64635,8.27,10.78,11.29,77.0,12.7,27.2,1003.7
2026-08-30 04:00:00,16.567880000000002,1021.52635,7.74,10.25,10.73,80.0,11.9,27.1,1003.5
2026-08-30 05:00:00,14.86289,1021.52635,6.78,9.26,9.69,82.0,11.1,27.0,1003.5
2026-08-30 06:00:00,9.100760000000001,1000.52635,5.96,8.31,8.7,82.0,9.7,27.1,1003.7
2026-08-30 07:00:00,8.06158,651.52635,6.55,8.1,8.48,76.0,10.3,28.2,1004.2
2026-08-30 08:00:00,9.01399,522.15435,7.44,8.75,9.17,72.0,11.7,29.8,1004.6
2026-08-30 09:00:00,9.98328,551.52635,7.86,9.1,9.53,77.0,12.6,32.0,1005.0
2026-08-30 10:00:00,15.8335,651.52635,7.8,9.09,9.52,72.0,12.8,33.3,1004.7
2026-08-30 11:00:00,18.680310000000002,651.52635,9.4,11.02,11.54,61.0,14.8,33.7,1004.3
2026-08-30 12:00:00,18.764599999999998,651.52635,11.31,13.33,13.96,50.0,17.6,32.6,1003.4
2026-08-30 13:00:00,18.86238,762.42235,11.63,14.06,14.72,46.0,18.7,31.8,1003.7
2026-08-30 14:00:00,18.86188,866.77235,12.29,15.27,15.99,46.0,18.5,30.4,1002.8
2026-08-30 15:00:00,18.8601,1001.52635,11.3,13.95,14.61,52.0,18.6,30.4,1002.2
2026-08-30 16:00:00,18.852970000000003,1041.52635,10.48,12.87,13.47,54.0,17.2,30.0,1001.9
2026-08-30 17:00:00,18.767049999999998,1045.52635,9.46,11.85,12.4,58.0,15.9,29.3,1002.0
2026-08-30 18:00:00,18.588330000000003,1050.52635,8.13,10.94,11.46,64.0,14.1,28.6,1002.7
2026-08-30 19:00:00,17.46706,1051.52635,8.27,11.0,11.52,72.0,11.9,29.3,1003.2
2026-08-30 20:00:00,16.551650000000002,1051.52635,7.45,9.84,10.3,75.0,12.0,29.1,1003.6
2026-08-30 21:00:00,17.76184,1061.52635,6.91,9.2,9.63,80.0,10.9,29.0,1004.2
2026-08-30 22:00:00,17.34618,1050.52635,6.75,8.79,9.21,86.0,10.1,28.9,1004.4
2026-08-30 23:00:00,11.10467,1045.52635,6.06,8.09,8.47,90.0,9.9,28.6,1004.0
2026-08-31 00:00:00,10.12583,998.16583,5.83,7.86,8.23,86.0,8.8,28.4,1003.3
2026-08-31 01:00:00,15.23527,997.16583,6.39,8.96,9.38,76.0,8.5,27.9,1002.7
2026-08-31 02:00:00,8.285770000000001,944.22483,6.64,9.02,9.44,77.0,9.8,27.7,1002.6
2026-08-31 03:00:00,12.23637,944.22483,7.04,9.22,9.66,75.0,10.3,27.5,1002.6
2026-08-31 04:00:00,14.81934,944.22483,7.38,9.67,10.13,74.0,10.8,27.4,1002.6
2026-08-31 05:00:00,14.9764,1019.16583,7.01,9.56,10.01,77.0,10.9,27.3,1003.2
2026-08-31 06:00:00,14.03598,1019.16583,7.35,9.78,10.24,79.0,10.5,27.3,1003.2
2026-08-31 07:00:00,16.96434,944.22483,7.85,9.73,10.19,79.0,11.6,28.5,1003.8
2026-08-31 08:00:00,11.90631,836.40483,8.36,9.97,10.44,83.0,12.9,30.6,1004.4
2026-08-31 09:00:00,9.35954,776.21083,8.16,9.55,10.0,91.0,13.3,33.2,1004.5
2026-08-31 10:00:00,7.33128,864.41183,7.48,8.69,9.1,105.0,13.1,35.6,1004.6
2026-08-31 11:00:00,6.412859999999999,944.22483,7.15,8.07,8.45,115.0,12.5,36.6,1004.3
2026-08-31 12:00:00,7.535069999999999,944.22483,6.11,6.82,7.14,118.0,12.1,37.4,1003.3
2026-08-31 13:00:00,3.07046,1019.16583,4.65,5.44,5.7,96.0,10.8,37.2,1003.0
2026-08-31 14:00:00,2.74555,1043.16583,3.94,4.6,4.82,85.0,8.4,35.3,1002.2
2026-08-31 15:00:00,9.4529,1043.16583,4.54,5.26,5.51,74.0,7.9,34.7,1001.8
2026-08-31 16:00:00,18.7047,1043.16583,6.51,7.82,8.19,59.0,10.0,32.9,1001.4
2026-08-31 17:00:00,18.861150000000002,1043.16583,9.73,12.89,13.49,53.0,14.1,30.6,1001.4
2026-08-31 18:00:00,18.067970000000003,1059.16583,10.31,14.89,15.59,60.0,15.4,29.6,1002.3
2026-08-31 19:00:00,18.22904,1064.16783,8.79,12.08,12.65,67.0,15.1,29.7,1003.8
2026-08-31 20:00:00,17.91612,1059.16583,8.07,10.57,11.07,72.0,12.8,29.4,1004.9
2026-08-31 21:00:00,14.62815,1064.16783,7.71,10.03,10.5,80.0,11.8,29.4,1005.6
2026-08-31 22:00:00,10.47748,1048.16583,6.64,8.65,9.05,86.0,11.4,29.3,1006.0
2026-08-31 23:00:00,10.89251,1039.16583,5.35,7.13,7.47,86.0,9.8,29.0,1006.1
2026-09-05 00:00:00,14.85907,876.62658,7.25,9.33,9.77,78.0,10.9,27.8,1003.7
2026-09-05 01:00:00,12.798350000000001,876.62658,6.83,8.98,9.41,76.0,10.6,27.6,1003.4
2026-09-05 02:00:00,11.354280000000001,876.62658,6.39,8.64,9.05,77.0,9.9,27.5,1002.7
2026-09-05 03:00:00,13.88121,876.62658,6.82,9.26,9.7,82.0,9.9,27.4,1002.4
2026-09-05 04:00:00,15.40251,876.62658,7.0,9.44,9.88,85.0,10.1,27.3,1002.1
2026-09-05 05:00:00,12.743219999999999,876.62658,6.87,9.32,9.76,88.0,10.2,27.2,1002.6
2026-09-05 06:00:00,16.27033,876.62658,6.74,9.19,9.62,86.0,9.9,27.3,1002.7
2026-09-05 07:00:00,16.64599,601.62658,7.83,9.57,10.02,83.0,11.7,28.7,1003.6
2026-09-05 08:00:00,15.81231,601.62658,8.87,10.34,10.83,87.0,13.7,30.8,1004.0
2026-09-05 09:00:00,16.14524,601.62658,9.15,10.62,11.13,91.0,14.4,33.4,1003.8
2026-09-05 10:00:00,18.123330000000003,765.04658,9.55,11.02,11.54,92.0,15.1,35.4,1003.2
2026-09-05 11:00:00,18.60743,841.62658,9.1,10.58,11.07,91.0,15.2,36.4,1002.3
2026-09-05 12:00:00,17.97184,765.04658,8.75,10.2,10.69,83.0,15.0,36.8,1001.2
2026-09-05 13:00:00,17.213549999999998,786.51058,9.22,10.78,11.29,75.0,14.8,36.5,1001.0
2026-09-05 14:00:00,17.049310000000002,872.12658,9.12,10.65,11.15,83.0,15.0,36.6,1000.4
2026-09-05 15:00:00,18.92985,872.12658,9.02,10.64,11.15,69.0,14.5,35.0,1000.0
2026-09-05 16:00:00,18.822290000000002,876.62658,9.56,11.49,12.03,63.0,14.6,33.5,999.3
2026-09-05 17:00:00,18.88296,876.62658,10.07,12.33,12.91,61.0,15.2,31.6,999.7
2026-09-05 18:00:00,18.798669999999998,1022.62658,8.7,11.03,11.55,67.0,15.1,30.2,1000.7
2026-09-05 19:00:00,17.27178,1022.62658,8.34,10.61,11.11,67.0,12.7,29.6,1001.8
2026-09-05 20:00:00,16.43387,899.62658,7.19,9.42,9.86,71.0,12.1,29.3,1002.3
2026-09-05 21:00:00,17.40441,1066.62858,6.97,9.14,9.57,77.0,10.6,29.2,1002.6
2026-09-05 22:00:00,18.50792,1022.62658,6.98,9.14,9.57,83.0,10.4,29.0,1002.8
2026-09-05 23:00:00,18.51445,892.53158,7.38,9.82,10.29,83.0,10.7,28.7,1002.6
2026-09-07 00:00:00,18.4692,485.9033,9.41,12.43,13.02,83.0,13.5,28.4,1002.9
2026-09-07 01:00:00,18.78243,503.0543,9.01,11.8,12.36,82.0,13.6,27.9,1002.7
2026-09-07 02:00:00,16.22682,475.9033,8.14,10.89,11.41,86.0,13.0,27.8,1002.4
2026-09-07 03:00:00,11.199399999999999,485.9033,7.41,10.09,10.57,89.0,11.9,28.0,1002.2
2026-09-07 04:00:00,12.750200000000001,485.9033,7.22,9.81,10.27,87.0,10.7,27.8,1002.5
2026-09-07 05:00:00,15.993079999999999,503.0543,7.43,10.1,10.58,87.0,10.8,27.8,1003.1
2026-09-07 06:00:00,11.835899999999999,503.0543,7.48,10.24,10.73,88.0,10.9,27.9,1003.3
2026-09-07 07:00:00,7.66938,503.0543,8.04,10.03,10.5,82.0,11.5,28.7,1004.3
2026-09-07 08:00:00,10.62092,485.9033,8.78,10.49,10.98,84.0,13.3,30.5,1005.1
2026-09-07 09:00:00,15.524629999999998,485.9033,8.79,10.4,10.89,87.0,13.4,31.8,1005.3
2026-09-07 10:00:00,14.71777,503.0543,9.2,10.72,11.23,90.0,14.2,34.3,1004.8
2026-09-07 11:00:00,12.197389999999999,503.0543,9.01,10.56,11.06,85.0,14.3,35.0,1004.3
2026-09-07 12:00:00,18.10679,503.0543,9.08,10.6,11.1,76.0,14.3,35.1,1003.3
2026-09-07 13:00:00,18.52254,593.5583,9.22,10.68,11.19,65.0,14.9,35.4,1002.8
2026-09-07 14:00:00,18.86833,658.9523,9.91,11.82,12.38,58.0,15.0,33.5,1002.1
2026-09-07 15:00:00,18.865689999999997,964.7943,11.66,13.88,14.54,57.0,17.1,32.4,1001.8
2026-09-07 16:00:00,18.85227,964.7943,12.23,15.14,15.85,61.0,18.3,31.4,1001.7
2026-09-07 17:00:00,18.80961,964.7943,10.8,13.62,14.27,64.0,18.0,30.4,1002.1
2026-09-07 18:00:00,18.13896,1124.0283,8.64,11.15,11.68,68.0,15.8,29.3,1002.9
2026-09-07 19:00:00,18.194580000000002,1124.0283,8.78,11.3,11.84,68.0,12.5,29.1,1004.1
2026-09-07 20:00:00,18.44686,964.7943,8.4,11.07,11.59,74.0,12.8,28.8,1004.9
2026-09-07 21:00:00,18.83619,964.7943,9.43,12.39,12.98,77.0,13.6,28.7,1005.2
2026-09-07 22:00:00,18.85275,964.7943,10.01,13.18,13.81,77.0,14.6,28.6,1005.4
2026-09-07 23:00:00,18.78755,629.9473,9.4,12.39,12.98,82.0,14.5,28.5,1005.6
2026-09-09 00:00:00,18.92924,522.72407,10.61,13.94,14.59,78.0,16.1,27.7,1005.4
2026-09-09 01:00:00,18.895310000000002,557.72407,10.0,12.9,13.51,77.0,15.3,27.4,1005.6
2026-09-09 02:00:00,18.7935,557.72407,10.07,13.01,13.62,78.0,14.6,27.2,1004.9
2026-09-09 03:00:00,18.90491,557.72407,9.68,12.58,13.17,79.0,14.5,27.2,1004.2
2026-09-09 04:00:00,18.92946,557.72407,9.37,12.27,12.85,79.0,14.0,27.0,1004.0
2026-09-09 05:00:00,18.951439999999998,562.82407,9.36,12.27,12.85,79.0,13.6,27.0,1004.2
2026-09-09 06:00:00,18.943009999999997,562.82407,9.6,12.55,13.14,79.0,13.9,27.1,1004.6
2026-09-09 07:00:00,18.92697,557.72407,10.42,12.57,13.16,77.0,15.4,28.4,1005.3
2026-09-09 08:00:00,18.77171,492.72407,11.15,13.16,13.78,79.0,16.8,30.4,1005.9
2026-09-09 09:00:00,18.92038,492.72407,11.44,13.32,13.95,81.0,17.5,32.5,1006.2
2026-09-09 10:00:00,17.35012,522.72407,11.07,12.75,13.36,80.0,17.7,34.1,1005.6
2026-09-09 11:00:00,16.85616,557.72407,10.78,12.44,13.03,75.0,17.7,34.9,1004.7
2026-09-09 12:00:00,15.186459999999999,557.72407,11.25,12.99,13.6,67.0,17.5,34.6,1003.5
2026-09-09 13:00:00,17.01993,562.82407,11.66,13.53,14.17,57.0,19.5,33.8,1003.2
2026-09-09 14:00:00,17.066599999999998,562.82407,13.1,15.2,15.92,51.0,19.4,31.4,1002.2
2026-09-09 15:00:00,17.06954,562.82407,12.46,14.69,15.39,56.0,19.8,31.1,1001.5
2026-09-09 16:00:00,17.05374,588.22007,12.0,14.42,15.1,58.0,18.6,30.6,1001.3
2026-09-09 17:00:00,17.479680000000002,636.08607,11.83,14.58,15.26,59.0,17.8,29.3,1001.2
2026-09-09 18:00:00,18.62247,1303.25807,10.79,13.79,14.45,60.0,17.3,28.2,1002.0
2026-09-09 19:00:00,18.10114,1303.25807,9.75,12.71,13.31,63.0,15.6,28.4,1003.4
2026-09-09 20:00:00,18.219810000000003,1303.25807,8.56,11.09,11.62,64.0,14.1,28.4,1003.9
2026-09-09 21:00:00,18.76989,749.91307,8.93,11.55,12.1,67.0,12.8,28.3,1005.0
2026-09-09 22:00:00,18.87644,636.08607,8.89,11.54,12.09,71.0,13.2,28.2,1005.3
2026-09-09 23:00:00,18.64688,562.82407,8.87,11.38,11.92,74.0,13.3,28.0,1005.2
2026-09-10 00:00:00,18.84501,398.03876,8.29,10.73,11.24,75.0,12.8,27.7,1004.7
2026-09-10 01:00:00,18.6615,462.56476,8.53,10.93,11.45,75.0,12.2,27.4,1004.3
2026-09-10 02:00:00,18.045099999999998,495.99776,8.39,10.76,11.27,78.0,12.5,27.1,1003.2
2026-09-10 03:00:00,18.37296,495.99776,7.92,10.55,11.05,81.0,12.2,27.0,1003.1
2026-09-10 04:00:00,18.56,495.99776,7.57,10.1,10.57,84.0,11.5,27.1,1003.3
2026-09-10 05:00:00,17.60133,496.99776,7.28,9.77,10.23,83.0,10.9,27.0,1003.6
2026-09-10 06:00:00,17.20017,495.99776,6.88,9.33,9.77,86.0,10.5,27.0,1004.0
2026-09-10 07:00:00,15.44657,495.99776,7.4,9.05,9.48,82.0,11.3,28.7,1004.7
2026-09-10 08:00:00,12.41981,462.56476,8.34,9.77,10.23,83.0,12.8,30.7,1004.9
2026-09-10 09:00:00,18.65354,462.56476,8.71,10.06,10.54,83.0,13.7,33.0,1005.0
2026-09-10 10:00:00,18.04784,495.99776,8.89,10.22,10.71,81.0,14.3,34.6,1004.5
2026-09-10 11:00:00,16.50375,495.99776,8.6,9.97,10.44,78.0,14.3,35.8,1003.9
2026-09-10 12:00:00,15.55388,495.99776,8.83,10.15,10.63,77.0,14.2,36.7,1002.7
2026-09-10 13:00:00,16.62152,495.99776,9.37,10.93,11.44,72.0,16.0,36.9,1002.0
2026-09-10 14:00:00,18.70177,531.99776,10.25,11.97,12.53,69.0,16.1,36.1,1001.2
2026-09-10 15:00:00,18.88014,601.99776,10.71,12.64,13.24,68.0,16.6,35.1,1000.7
2026-09-10 16:00:00,18.88631,601.99776,11.79,13.95,14.61,65.0,17.8,33.6,1000.7
2026-09-10 17:00:00,18.88568,601.99776,11.54,13.99,14.65,74.0,17.9,32.2,1001.3
2026-09-10 18:00:00,18.7114,1140.43876,10.49,12.9,13.51,79.0,17.2,30.8,1002.0
2026-09-10 19:00:00,18.024759999999997,819.34076,9.68,12.11,12.68,80.0,15.5,30.4,1002.9
2026-09-10 20:00:00,18.04925,776.58076,9.47,11.92,12.48,79.0,14.3,29.7,1003.4
2026-09-10 21:00:00,15.73895,601.99776,9.68,12.33,12.91,77.0,14.1,29.1,1004.1
2026-09-10 22:00:00,14.72457,501.99776,9.63,12.35,12.93,82.0,14.3,28.9,1004.3
2026-09-10 23:00:00,14.557229999999999,496.99776,8.9,11.78,12.33,83.0,14.0,28.6,1004.1
2026-09-11 00:00:00,16.274639999999998,374.42935,8.49,11.14,11.66,86.0,12.9,28.5,1003.6
2026-09-11 01:00:00,18.707810000000002,374.42935,7.83,10.4,10.89,83.0,12.2,28.0,1003.6
2026-09-11 02:00:00,18.30583,403.53135,7.71,10.03,10.51,82.0,11.5,27.6,1003.1
2026-09-11 03:00:00,17.263450000000002,422.81735,7.79,9.96,10.43,83.0,11.3,27.4,1002.7
2026-09-11 04:00:00,14.36341,422.81735,7.87,10.25,10.73,87.0,11.5,27.2,1003.0
2026-09-11 05:00:00,7.08335,514.42935,8.1,10.72,11.23,91.0,11.7,27.3,1003.3
2026-09-11 06:00:00,6.511850000000001,470.60735,8.25,10.98,11.49,93.0,12.0,27.4,1003.5
2026-09-11 07:00:00,13.56763,422.81735,8.07,9.98,10.45,95.0,13.1,29.0,1004.7
2026-09-11 08:00:00,16.67203,403.53135,9.22,10.9,11.41,99.0,13.9,30.8,1005.2
2026-09-11 09:00:00,17.27147,417.42935,9.82,11.54,12.08,100.0,15.0,33.0,1005.3
2026-09-11 10:00:00,17.16873,403.53135,10.46,12.28,12.86,103.0,16.2,35.1,1004.9
2026-09-11 11:00:00,16.75562,417.42935,10.22,11.87,12.43,100.0,16.3,36.5,1004.6
2026-09-11 12:00:00,17.045849999999998,422.81735,10.62,12.34,12.92,88.0,16.7,36.4,1003.7
2026-09-11 13:00:00,17.067,422.81735,10.72,12.5,13.09,79.0,17.9,35.7,1003.5
2026-09-11 14:00:00,18.25329,544.42935,11.24,13.24,13.87,77.0,16.9,33.6,1002.6
2026-09-11 15:00:00,18.904400000000003,544.42935,11.62,13.8,14.45,74.0,17.4,32.9,1001.6
2026-09-11 16:00:00,18.916790000000002,604.42935,12.43,14.97,15.67,73.0,18.4,32.1,1001.3
2026-09-11 17:00:00,18.933619999999998,674.42935,11.86,14.75,15.45,71.0,18.6,30.6,1001.7
2026-09-11 18:00:00,18.93145,1136.50335,11.53,14.96,15.66,73.0,17.8,29.3,1002.2
2026-09-11 19:00:00,18.92708,1136.50335,11.34,14.35,15.02,74.0,16.9,29.4,1002.9
2026-09-11 20:00:00,18.93859,745.51935,11.16,14.08,14.74,77.0,16.6,29.1,1003.7
2026-09-11 21:00:00,18.92845,674.42935,10.92,13.88,14.53,78.0,16.3,28.8,1004.4
2026-09-11 22:00:00,18.894869999999997,604.42935,10.42,13.39,14.02,81.0,15.9,28.5,1004.7
2026-09-11 23:00:00,18.867459999999998,544.42935,10.2,13.16,13.78,83.0,15.1,28.3,1004.5
2026-09-12 00:00:00,18.57245,360.96401,9.7,12.7,13.3,86.0,14.7,28.1,1004.4
2026-09-12 01:00:00,18.751330000000003,381.49301,9.4,12.33,12.91,83.0,14.0,27.8,1004.4
2026-09-12 02:00:00,18.827830000000002,385.44701,9.37,12.29,12.87,82.0,13.6,27.5,1003.6
2026-09-12 03:00:00,18.058130000000002,426.75001,9.27,12.3,12.88,82.0,13.5,27.3,1003.1
2026-09-12 04:00:00,18.79666,426.75001,9.13,12.08,12.65,81.0,13.4,27.2,1003.2
2026-09-12 05:00:00,18.87014,426.75001,9.07,12.01,12.58,84.0,13.1,27.1,1003.6
2026-09-12 06:00:00,18.93817,425.96401,8.75,11.64,12.19,85.0,13.1,27.2,1003.9
2026-09-12 07:00:00,18.91216,360.96401,9.63,11.88,12.44,79.0,13.9,28.5,1004.8
2026-09-12 08:00:00,18.917009999999998,360.96401,11.17,13.17,13.79,78.0,16.7,30.3,1005.1
2026-09-12 09:00:00,18.91645,360.96401,11.73,13.65,14.29,78.0,18.0,32.1,1005.5
2026-09-12 10:00:00,18.90684,360.96401,12.19,14.17,14.84,77.0,19.3,33.4,1005.3
2026-09-12 11:00:00,18.893549999999998,360.96401,12.5,14.63,15.32,76.0,19.6,34.3,1004.7
2026-09-12 12:00:00,18.805619999999998,360.96401,12.84,14.99,15.7,74.0,19.8,35.0,1004.0
2026-09-12 13:00:00,17.44388,385.44701,12.55,14.73,15.43,72.0,20.2,34.9,1003.8
2026-09-12 14:00:00,17.06033,426.75001,12.28,14.55,15.24,70.0,18.9,33.2,1003.2
2026-09-12 15:00:00,17.05792,426.75001,12.22,14.6,15.29,70.0,18.8,32.5,1002.2
2026-09-12 16:00:00,17.06691,555.96401,11.94,14.51,15.2,70.0,18.5,31.4,1002.0
2026-09-12 17:00:00,17.540869999999998,590.96401,11.45,14.06,14.72,71.0,18.0,30.4,1002.1
2026-09-12 18:00:00,18.86434,1135.96401,10.32,13.27,13.9,71.0,17.0,29.2,1002.7
2026-09-12 19:00:00,18.633200000000002,760.58901,10.53,13.17,13.8,74.0,15.2,29.2,1003.9
2026-09-12 20:00:00,18.832169999999998,590.96401,10.42,13.02,13.63,74.0,15.4,28.9,1004.6
2026-09-12 21:00:00,18.81127,590.96401,10.17,12.83,13.43,75.0,15.3,28.6,1005.2
2026-09-12 22:00:00,18.485169999999997,585.96401,9.73,12.39,12.97,78.0,14.8,28.4,1005.5
2026-09-12 23:00:00,18.303150000000002,545.96401,8.76,11.45,11.99,81.0,14.1,28.1,1005.7
2026-09-13 00:00:00,17.80029,382.9002,8.61,11.39,11.93,83.0,12.7,28.0,1005.3
2026-09-13 01:00:00,16.95743,444.5352,9.16,11.97,12.53,79.0,12.8,27.7,1004.9
2026-09-13 02:00:00,14.5287,444.5352,8.54,11.31,11.85,81.0,13.1,27.4,1004.0
2026-09-13 03:00:00,12.62109,460.5902,8.38,11.08,11.6,84.0,12.3,27.4,1003.6
2026-09-13 04:00:00,16.495939999999997,460.5902,8.01,10.63,11.14,82.0,12.1,27.4,1003.5
2026-09-13 05:00:00,17.94321,444.5352,8.14,10.85,11.36,83.0,11.8,27.3,1003.5
2026-09-13 06:00:00,18.866709999999998,444.5352,8.27,10.92,11.44,84.0,11.9,27.3,1003.8
2026-09-13 07:00:00,18.94375,256.2932,9.11,11.12,11.64,79.0,12.8,28.7,1004.8
2026-09-13 08:00:00,18.94043,256.2932,10.21,12.03,12.59,80.0,15.4,30.7,1005.5
2026-09-13 09:00:00,18.882080000000002,259.0702,11.11,12.91,13.52,85.0,17.1,33.0,1005.3
2026-09-13 10:00:00,18.83004,259.0702,10.97,12.71,13.31,85.0,17.3,34.6,1004.9
2026-09-13 11:00:00,18.9098,304.5492,10.34,11.98,12.54,81.0,17.2,35.2,1004.4
2026-09-13 12:00:00,18.33856,382.9002,10.73,12.44,13.03,78.0,17.0,35.8,1003.2
2026-09-13 13:00:00,18.1599,382.9002,10.92,12.76,13.36,77.0,17.9,35.7,1002.8
2026-09-13 14:00:00,18.853330000000003,444.5352,11.03,13.07,13.69,71.0,17.1,34.4,1002.1
2026-09-13 15:00:00,18.875049999999998,460.5902,11.97,14.18,14.85,73.0,18.8,32.6,1001.4
2026-09-13 16:00:00,18.89941,460.9052,11.06,13.36,13.99,76.0,18.4,31.9,1001.3
2026-09-13 17:00:00,18.85898,490.3922,10.3,12.62,13.22,76.0,16.8,30.5,1001.6
2026-09-13 18:00:00,18.89873,560.5902,10.09,12.6,13.19,76.0,15.5,29.4,1002.3
2026-09-13 19:00:00,18.77094,683.5152,10.75,13.82,14.48,72.0,15.1,28.8,1003.2
2026-09-13 20:00:00,18.88922,683.5152,10.95,14.02,14.68,75.0,15.8,28.8,1003.8
2026-09-13 21:00:00,18.870240000000003,683.5152,11.23,14.34,15.01,79.0,16.3,28.6,1004.4
2026-09-13 22:00:00,18.74116,490.3922,10.38,13.37,14.0,82.0,16.3,28.3,1004.7
2026-09-13 23:00:00,16.54315,490.3922,9.08,11.91,12.47,82.0,15.0,28.2,1004.8
2026-09-14 00:00:00,9.41555,367.28115,8.75,11.44,11.98,83.0,13.1,28.2,1004.5
2026-09-14 01:00:00,3.18971,373.22015,8.03,10.3,10.78,87.0,12.9,28.1,1004.2
2026-09-14 02:00:00,6.90691,379.51215,7.72,9.95,10.42,87.0,11.8,27.9,1003.6
2026-09-14 03:00:00,10.47827,423.31415,7.6,9.82,10.28,86.0,11.3,27.7,1003.2
2026-09-14 04:00:00,14.71204,423.31415,7.43,9.61,10.06,82.0,11.1,27.5,1003.2
2026-09-14 05:00:00,16.60564,451.92515,7.55,9.87,10.34,83.0,11.0,27.5,1003.6
2026-09-14 06:00:00,16.829900000000002,451.92515,7.38,9.69,10.15,85.0,11.0,27.6,1003.8
2026-09-14 07:00:00,15.3653,423.31415,8.06,10.08,10.56,82.0,12.0,28.4,1004.0
2026-09-14 08:00:00,15.5335,379.51215,8.51,10.23,10.72,89.0,12.9,30.0,1005.1
2026-09-14 09:00:00,14.7595,379.51215,8.45,9.96,10.43,93.0,13.2,31.8,1005.4
2026-09-14 10:00:00,14.22319,423.31415,8.71,10.11,10.59,94.0,13.8,33.5,1004.8
2026-09-14 11:00:00,16.65177,451.92515,8.48,9.8,10.27,88.0,14.1,35.0,1003.9
2026-09-14 12:00:00,17.05189,451.92515,8.32,9.69,10.15,77.0,13.8,35.8,1002.7
2026-09-14 13:00:00,18.19612,451.92515,9.73,11.25,11.78,65.0,15.0,35.0,1002.5
2026-09-14 14:00:00,18.6495,516.59215,9.89,11.71,12.26,69.0,16.1,32.9,1002.1
2026-09-14 15:00:00,17.02976,665.24115,11.4,13.89,14.54,62.0,17.1,30.9,1001.5
2026-09-14 16:00:00,17.04082,665.24115,9.91,12.09,12.66,70.0,17.2,31.0,1001.9
2026-09-14 17:00:00,18.10084,665.24115,8.95,11.25,11.78,69.0,15.0,30.1,1001.9
2026-09-14 18:00:00,18.0701,1082.52515,9.09,11.56,12.1,71.0,13.2,29.4,1002.3
2026-09-14 19:00:00,17.85087,1082.52515,9.58,12.07,12.64,73.0,14.4,28.9,1003.1
2026-09-14 20:00:00,18.76166,790.04615,9.7,12.26,12.84,76.0,14.2,28.6,1003.5
2026-09-14 21:00:00,18.71008,665.24115,9.43,12.12,12.69,80.0,14.5,28.5,1004.1
2026-09-14 22:00:00,18.78845,473.22015,9.24,11.88,12.44,79.0,13.8,28.3,1004.2
2026-09-14 23:00:00,16.71855,451.92515,8.8,11.3,11.83,80.0,13.5,28.1,1004.2
2026-09-15 00:00:00,9.63163,414.98315,7.83,10.23,10.71,85.0,12.7,28.0,1004.0
2026-09-15 01:00:00,2.43898,467.06115,7.98,10.24,10.72,88.0,11.4,27.9,1003.8
2026-09-15 02:00:00,1.5646600000000002,475.26515,7.6,10.14,10.62,92.0,11.6,27.8,1003.0
2026-09-15 03:00:00,3.50256,475.26515,7.21,10.06,10.54,97.0,11.0,27.8,1003.0
2026-09-15 04:00:00,7.47924,475.26515,6.73,9.36,9.8,88.0,10.4,27.7,1002.9
2026-09-15 05:00:00,15.856219999999999,475.26515,6.52,8.75,9.16,80.0,9.9,27.6,1002.8
2026-09-15 06:00:00,18.22711,475.04515,6.46,8.89,9.31,77.0,9.6,27.4,1003.0
2026-09-15 07:00:00,18.84198,475.04515,7.83,9.76,10.22,81.0,11.0,28.4,1003.7
2026-09-15 08:00:00,18.8972,414.98315,8.64,10.34,10.83,84.0,13.1,30.0,1004.1
2026-09-15 09:00:00,18.903200000000002,414.98315,8.99,10.54,11.04,82.0,14.0,31.8,1003.8
2026-09-15 10:00:00,18.890169999999998,414.98315,8.77,10.16,10.64,79.0,14.1,33.5,1003.7
2026-09-15 11:00:00,18.88782,475.26515,8.81,10.36,10.85,74.0,14.3,34.0,1003.2
2026-09-15 12:00:00,18.88301,475.04515,10.63,12.47,13.06,65.0,16.2,33.4,1002.3
2026-09-15 13:00:00,18.872799999999998,475.26515,11.86,14.01,14.67,61.0,18.5,32.5,1002.6
2026-09-15 14:00:00,18.87411,557.06115,10.96,13.22,13.84,66.0,17.7,31.5,1002.5
2026-09-15 15:00:00,18.88939,744.88315,10.64,12.86,13.47,68.0,16.6,31.1,1001.7
2026-09-15 16:00:00,18.72745,840.68215,10.27,12.73,13.33,72.0,16.1,30.7,1001.8
2026-09-15 17:00:00,17.49391,665.91315,9.11,11.37,11.9,78.0,15.4,30.2,1002.1
2026-09-15 18:00:00,14.352549999999999,1242.63815,7.81,10.09,10.57,82.0,13.5,29.2,1002.7
2026-09-15 19:00:00,14.79247,1026.68315,8.87,11.5,12.04,73.0,11.4,29.1,1002.9
2026-09-15 20:00:00,16.32009,665.91315,8.7,11.33,11.86,79.0,13.2,28.8,1003.6
2026-09-15 21:00:00,18.86121,840.68215,8.7,11.31,11.84,78.0,12.7,28.7,1004.7
2026-09-15 22:00:00,18.91973,665.91315,8.73,11.36,11.9,77.0,12.9,28.4,1005.2
2026-09-15 23:00:00,18.81108,475.26515,8.47,10.93,11.45,76.0,12.8,28.2,1005.2
2026-09-16 00:00:00,18.811310000000002,442.2289,8.48,10.93,11.45,75.0,12.4,28.0,1004.4
2026-09-16 01:00:00,18.91559,442.2289,8.98,11.5,12.05,75.0,12.4,27.8,1004.2
2026-09-16 02:00:00,18.86807,442.2289,8.81,11.17,11.7,77.0,13.0,27.7,1004.0
2026-09-16 03:00:00,18.88465,517.6859,8.54,10.86,11.37,78.0,12.8,27.5,1003.8
2026-09-16 04:00:00,17.410259999999997,554.3139,8.53,11.04,11.56,79.0,12.4,27.4,1003.4
2026-09-16 05:00:00,14.96254,659.8809,8.19,10.71,11.22,81.0,12.4,27.4,1003.6
2026-09-16 06:00:00,8.57042,659.8809,7.83,10.26,10.75,83.0,11.8,27.4,1004.0
2026-09-16 07:00:00,5.03517,659.8809,6.3,7.99,8.37,90.0,12.2,28.3,1005.3
2026-09-16 08:00:00,4.78595,473.1299,6.56,7.85,8.22,89.0,10.1,29.2,1006.0
2026-09-16 09:00:00,13.20159,659.8809,7.41,8.65,9.06,95.0,11.7,31.5,1005.9
2026-09-16 10:00:00,18.18742,554.3139,7.97,9.21,9.65,96.0,12.8,33.4,1005.1
2026-09-16 11:00:00,14.19284,659.8809,7.99,9.24,9.68,98.0,13.1,35.1,1004.4
2026-09-16 12:00:00,17.60175,659.8809,7.2,8.44,8.84,92.0,13.1,35.4,1003.6
2026-09-16 13:00:00,16.408060000000003,738.3139,7.33,8.84,9.25,70.0,12.0,34.1,1003.6
2026-09-16 14:00:00,17.962130000000002,738.3139,7.99,10.16,10.64,65.0,12.0,32.0,1003.0
2026-09-16 15:00:00,18.36216,738.3139,9.97,11.93,12.49,62.0,15.1,31.7,1002.2
2026-09-16 16:00:00,18.76877,738.3139,10.28,12.49,13.08,56.0,15.4,30.7,1002.3
2026-09-16 17:00:00,18.883779999999998,738.3139,9.9,12.44,13.02,59.0,15.8,29.7,1002.6
2026-09-16 18:00:00,18.336740000000002,1240.5589,8.52,11.01,11.53,61.0,14.6,28.4,1003.3
2026-09-16 19:00:00,18.45987,949.7389,8.49,10.84,11.35,62.0,12.5,28.3,1005.0
2026-09-16 20:00:00,18.177970000000002,811.9399,8.16,10.53,11.03,65.0,12.5,28.1,1005.8
2026-09-16 21:00:00,17.72718,738.3139,8.59,11.11,11.63,69.0,12.5,28.0,1005.8
2026-09-16 22:00:00,17.11974,738.3139,8.14,10.62,11.13,73.0,12.7,27.9,1005.8
2026-09-16 23:00:00,15.78181,738.3139,7.07,9.59,10.04,77.0,11.7,27.9,1005.7
2026-09-17 00:00:00,15.74811,384.77399,6.84,9.15,9.58,77.0,10.3,27.9,1005.4
2026-09-17 01:00:00,11.90136,384.87399,7.71,10.1,10.57,70.0,10.7,27.5,1005.6
2026-09-17 02:00:00,16.12007,384.87399,7.68,10.08,10.56,73.0,11.6,27.4,1005.0
2026-09-17 03:00:00,15.67647,443.72399,7.68,10.19,10.67,76.0,11.3,27.3,1004.3
2026-09-17 04:00:00,15.02088,474.56699,7.53,10.19,10.67,76.0,11.1,27.2,1004.2
2026-09-17 05:00:00,17.640880000000003,548.72399,7.31,9.87,10.34,77.0,10.9,27.0,1004.3
2026-09-17 06:00:00,11.31368,496.05299,6.88,9.12,9.55,80.0,10.6,27.0,1004.5
2026-09-17 07:00:00,3.70465,384.87399,6.32,7.68,8.04,82.0,10.4,28.6,1004.9
2026-09-17 08:00:00,2.28762,384.87399,6.34,7.37,7.72,87.0,10.3,30.8,1005.1
2026-09-17 09:00:00,16.06577,384.77399,7.01,8.04,8.42,90.0,11.4,33.3,1005.2
2026-09-17 10:00:00,17.43526,384.87399,8.13,9.42,9.86,87.0,13.2,35.5,1004.5
2026-09-17 11:00:00,17.87665,463.72399,8.43,9.89,10.36,84.0,13.9,36.5,1003.6
2026-09-17 12:00:00,17.21236,443.72399,7.67,9.05,9.48,85.0,13.8,37.2,1002.5
2026-09-17 13:00:00,16.07755,474.56699,7.58,8.92,9.34,96.0,12.9,38.3,1001.9
2026-09-17 14:00:00,14.165479999999999,548.72399,7.91,9.17,9.6,109.0,12.8,37.9,1001.1
2026-09-17 15:00:00,15.6404,569.17299,7.11,8.25,8.64,104.0,12.8,37.4,1000.5
2026-09-17 16:00:00,18.45397,655.70699,7.57,8.98,9.41,75.0,11.5,35.0,1000.2
2026-09-17 17:00:00,18.816029999999998,655.70699,9.35,11.64,12.19,65.0,13.9,32.5,1000.5
2026-09-17 18:00:00,18.34743,963.11699,9.35,12.16,12.74,64.0,14.1,30.7,1001.5
2026-09-17 19:00:00,13.81597,963.11699,8.12,10.71,11.21,66.0,13.6,30.4,1002.4
2026-09-17 20:00:00,15.91937,963.11699,6.89,9.08,9.51,68.0,11.7,30.0,1003.4
2026-09-17 21:00:00,15.81968,655.70699,6.43,8.31,8.71,74.0,10.3,29.9,1004.0
2026-09-17 22:00:00,18.82828,569.17299,6.17,8.04,8.42,79.0,9.5,29.8,1004.3
2026-09-17 23:00:00,18.913580000000003,474.56699,7.1,9.54,9.99,80.0,10.2,29.4,1004.2
2026-09-18 00:00:00,18.12236,396.31999,8.1,10.95,11.47,81.0,11.7,29.1,1003.5
2026-09-18 01:00:00,17.24772,396.31999,8.79,11.87,12.43,83.0,11.9,28.7,1003.3
2026-09-18 02:00:00,13.339799999999999,417.50099,8.72,11.7,12.26,88.0,12.9,28.6,1002.9
2026-09-18 03:00:00,9.43356,417.50099,8.95,11.89,12.45,91.0,12.9,28.6,1002.8
2026-09-18 04:00:00,12.30248,417.50099,9.05,12.05,12.62,93.0,13.1,28.4,1003.0
2026-09-18 05:00:00,9.448319999999999,460.60099,8.91,11.99,12.55,95.0,13.2,28.2,1003.4
2026-09-18 06:00:00,3.50504,460.60099,8.47,11.43,11.97,97.0,12.9,28.0,1003.8
2026-09-18 07:00:00,6.58288,417.50099,8.86,11.0,11.52,95.0,13.2,29.4,1004.6
2026-09-18 08:00:00,18.76433,396.31999,9.41,11.14,11.66,99.0,14.3,31.5,1004.8
2026-09-18 09:00:00,18.94159,396.31999,9.91,11.66,12.21,103.0,15.3,34.2,1004.7
2026-09-18 10:00:00,18.87797,396.31999,10.5,12.22,12.8,110.0,16.4,36.3,1004.4
2026-09-18 11:00:00,18.17286,460.60099,9.86,11.47,12.01,111.0,16.5,37.7,1003.8
2026-09-18 12:00:00,15.9439,396.31999,8.72,10.11,10.59,107.0,15.8,38.5,1002.5
2026-09-18 13:00:00,15.00396,417.50099,8.56,10.09,10.57,89.0,14.3,38.3,1002.1
2026-09-18 14:00:00,16.79305,558.50099,9.63,11.34,11.87,77.0,15.1,36.9,1001.2
2026-09-18 15:00:00,17.06304,893.62699,12.1,14.11,14.77,68.0,18.4,34.2,1000.7
2026-09-18 16:00:00,17.75418,900.10599,12.55,14.96,15.67,68.0,19.2,32.3,1000.7
2026-09-18 17:00:00,18.94034,835.58199,11.54,13.99,14.66,71.0,19.0,30.7,1001.2
2026-09-18 18:00:00,18.87799,1597.35199,9.91,12.13,12.7,77.0,17.3,29.6,1001.8
2026-09-18 19:00:00,18.87583,900.10599,8.87,10.82,11.33,79.0,14.6,29.4,1002.8
2026-09-18 20:00:00,17.47565,900.10599,7.76,9.59,10.04,82.0,12.9,29.3,1003.6
2026-09-18 21:00:00,17.99539,893.62699,7.28,8.97,9.39,84.0,11.5,29.3,1003.9
2026-09-18 22:00:00,18.88913,657.44299,7.46,9.37,9.81,80.0,10.9,28.9,1003.6
2026-09-18 23:00:00,18.90783,558.50099,7.59,9.57,10.02,79.0,11.4,28.4,1003.2
2026-09-22 00:00:00,0.63613,414.81386,3.21,4.22,4.42,83.0,6.5,29.5,1004.7
2026-09-22 01:00:00,0.43783,414.81386,2.59,3.61,3.78,89.0,4.8,29.2,1004.7
2026-09-22 02:00:00,0.32041000000000003,421.09786,2.67,3.32,3.47,80.0,3.9,28.8,1003.9
2026-09-22 03:00:00,2.19633,499.47686,3.29,4.1,4.29,72.0,4.8,28.4,1003.7
2026-09-22 04:00:00,1.85953,499.47686,3.57,4.41,4.62,72.0,5.3,28.0,1003.6
2026-09-22 05:00:00,5.54369,538.00986,3.45,4.36,4.57,74.0,5.3,27.8,1003.9
2026-09-22 06:00:00,4.78508,538.00986,3.32,4.35,4.56,77.0,5.1,27.7,1004.4
2026-09-22 07:00:00,3.4761599999999997,510.33986,4.4,5.09,5.33,78.0,6.1,28.6,1005.3
2026-09-22 08:00:00,3.79183,499.47686,3.97,4.38,4.58,82.0,7.3,29.9,1005.9
2026-09-22 09:00:00,2.7701599999999997,499.47686,3.75,4.29,4.49,92.0,7.3,32.2,1006.4
2026-09-22 10:00:00,3.35504,538.00986,4.19,4.93,5.16,87.0,7.9,34.7,1005.9
2026-09-22 11:00:00,12.04183,573.09786,5.07,5.98,6.26,84.0,9.7,36.3,1004.9
2026-09-22 12:00:00,17.73714,538.00986,5.93,6.98,7.31,86.0,10.7,37.4,1003.7
2026-09-22 13:00:00,18.70418,573.09786,7.04,8.12,8.5,66.0,11.0,36.5,1003.3
2026-09-22 14:00:00,17.188599999999997,661.41586,8.4,10.68,11.19,60.0,13.0,33.6,1002.5
2026-09-22 15:00:00,17.87462,711.74886,9.6,12.05,12.62,63.0,14.7,33.0,1001.8
2026-09-22 16:00:00,19.03938,1039.84486,10.35,12.41,12.99,62.0,15.4,32.1,1001.5
2026-09-22 17:00:00,19.14913,711.74886,10.25,12.97,13.58,64.0,15.6,30.8,1001.8
2026-09-22 18:00:00,18.18505,1610.84886,8.82,11.21,11.74,70.0,15.1,29.6,1002.7
2026-09-22 19:00:00,16.42716,837.07886,8.88,10.73,11.24,70.0,12.9,29.5,1003.4
2026-09-22 20:00:00,12.47269,859.59886,8.06,9.68,10.14,75.0,12.9,29.2,1004.4
2026-09-22 21:00:00,13.97166,711.74886,7.86,9.42,9.87,77.0,11.9,29.0,1005.1
2026-09-22 22:00:00,9.74616,661.41586,7.27,8.73,9.14,79.0,11.5,28.7,1005.2
2026-09-22 23:00:00,8.31004,661.41586,7.04,8.5,8.9,80.0,10.7,28.4,1005.3
2026-09-23 00:00:00,12.58869,462.83459,6.74,8.28,8.67,78.0,10.3,28.0,1004.7
2026-09-23 01:00:00,14.28495,464.81859,7.23,8.98,9.4,74.0,10.0,27.5,1004.5
2026-09-23 02:00:00,8.63464,464.81859,7.02,8.95,9.37,77.0,10.5,27.2,1004.1
2026-09-23 03:00:00,4.04384,464.81859,6.82,8.84,9.26,79.0,10.1,26.9,1003.9
2026-09-23 04:00:00,9.22473,464.81859,6.84,8.76,9.18,78.0,9.9,26.7,1003.8
2026-09-23 05:00:00,15.445979999999999,466.53459,7.34,9.34,9.78,77.0,10.4,26.9,1004.1
2026-09-23 06:00:00,14.677959999999999,464.81859,7.72,9.82,10.28,79.0,11.0,27.0,1004.4
2026-09-23 07:00:00,15.643930000000001,466.53459,8.2,9.65,10.11,78.0,12.5,28.2,1004.8
2026-09-23 08:00:00,10.88359,464.81859,8.35,9.48,9.93,81.0,12.9,30.2,1005.4
2026-09-23 09:00:00,9.915209999999998,464.81859,8.14,9.09,9.52,86.0,13.1,32.8,1005.7
2026-09-23 10:00:00,13.48609,464.81859,7.94,8.83,9.24,84.0,13.0,34.9,1005.4
2026-09-23 11:00:00,16.08785,464.81859,8.0,9.0,9.43,78.0,13.2,36.0,1004.9
2026-09-23 12:00:00,17.0388,464.81859,8.03,9.11,9.54,71.0,13.3,36.3,1003.9
2026-09-23 13:00:00,17.06349,464.81859,9.24,11.14,11.67,53.0,15.0,34.6,1003.2
2026-09-23 14:00:00,17.0669,503.88759,10.62,13.3,13.93,49.0,16.1,32.2,1002.5
2026-09-23 15:00:00,17.99204,647.68859,10.88,13.52,14.16,55.0,16.7,32.0,1001.9
2026-09-23 16:00:00,18.921689999999998,656.27759,9.55,11.76,12.32,55.0,16.4,30.9,1001.8
2026-09-23 17:00:00,18.594849999999997,656.27759,8.91,11.04,11.56,54.0,14.4,29.6,1001.8
2026-09-23 18:00:00,17.64525,1612.28559,8.59,10.78,11.28,58.0,13.2,28.6,1002.4
2026-09-23 19:00:00,18.1911,1272.58959,9.15,11.14,11.67,62.0,12.5,28.9,1003.4
2026-09-23 20:00:00,15.739450000000001,939.81159,8.63,10.55,11.05,64.0,13.4,28.9,1004.1
2026-09-23 21:00:00,17.394689999999997,656.27759,8.52,10.44,10.94,69.0,12.8,28.7,1004.7
2026-09-23 22:00:00,15.20174,647.68859,7.58,9.39,9.84,74.0,12.5,28.4,1004.9
2026-09-23 23:00:00,12.502780000000001,579.53459,7.06,8.82,9.24,78.0,11.1,28.3,1005.1
2026-09-26 00:00:00,11.97273,583.63544,5.93,7.18,7.52,82.0,9.1,28.9,1005.1
2026-09-26 01:00:00,9.026489999999999,583.63544,6.2,7.47,7.83,78.0,8.8,28.2,1004.7
2026-09-26 02:00:00,7.077,597.63044,5.66,6.97,7.3,80.0,9.1,28.0,1004.2
2026-09-26 03:00:00,6.53467,602.80044,5.57,6.73,7.05,78.0,8.3,27.7,1003.8
2026-09-26 04:00:00,6.047149999999999,602.80044,5.46,6.69,7.01,77.0,8.2,27.5,1003.8
2026-09-26 05:00:00,7.9608,640.03644,5.54,6.86,7.19,79.0,8.0,27.3,1003.8
2026-09-26 06:00:00,9.08502,640.03644,5.37,6.83,7.16,80.0,8.0,27.3,1003.9
2026-09-26 07:00:00,3.07317,602.80044,6.19,7.2,7.54,81.0,9.1,28.7,1005.0
2026-09-26 08:00:00,1.3144500000000001,597.63044,6.73,7.57,7.93,83.0,10.7,30.4,1005.2
2026-09-26 09:00:00,2.99774,597.63044,6.59,7.27,7.61,83.0,11.1,32.9,1005.7
2026-09-26 10:00:00,2.93655,597.63044,5.83,6.67,6.98,84.0,10.9,34.9,1005.6
2026-09-26 11:00:00,8.328209999999999,705.27544,5.68,6.44,6.74,87.0,10.7,36.1,1005.0
2026-09-26 12:00:00,16.60487,705.27544,5.57,6.43,6.73,83.0,10.4,36.6,1003.9
2026-09-26 13:00:00,18.78784,705.27544,6.55,7.67,8.04,68.0,11.4,36.3,1003.6
2026-09-26 14:00:00,18.90617,705.27544,7.4,8.75,9.16,58.0,11.7,34.2,1002.4
2026-09-26 15:00:00,18.94191,705.27544,9.95,12.24,12.82,53.0,15.3,32.3,1001.8
2026-09-26 16:00:00,18.89458,705.27544,9.29,11.55,12.1,58.0,15.5,31.9,1002.3
2026-09-26 17:00:00,17.61546,705.27544,8.93,10.82,11.33,61.0,14.3,31.0,1002.6
2026-09-26 18:00:00,16.71743,1602.12644,8.24,10.77,11.28,62.0,13.2,29.6,1003.4
2026-09-26 19:00:00,12.417309999999999,750.71944,8.75,10.7,11.21,62.0,12.1,29.5,1004.1
2026-09-26 20:00:00,9.366950000000001,705.27544,7.42,9.0,9.43,68.0,12.7,29.3,1004.9
2026-09-26 21:00:00,9.88575,705.27544,6.8,8.17,8.56,74.0,11.0,29.2,1005.5
2026-09-26 22:00:00,9.83964,640.03644,6.42,7.67,8.03,76.0,10.0,29.1,1006.0
2026-09-26 23:00:00,9.29766,597.63044,6.28,7.45,7.8,76.0,9.4,28.7,1005.9
2026-09-27 00:00:00,9.446860000000001,456.43223,6.16,7.23,7.57,78.0,9.4,28.4,1005.5
2026-09-27 01:00:00,7.9954,570.43223,6.07,6.91,7.24,79.0,9.3,27.9,1005.7
2026-09-27 02:00:00,7.39409,517.87423,6.01,6.95,7.28,79.0,8.9,27.7,1004.7
2026-09-27 03:00:00,8.21409,608.50623,5.43,6.56,6.87,84.0,8.7,27.6,1004.5
2026-09-27 04:00:00,8.19722,608.50623,4.31,5.31,5.56,88.0,7.9,27.4,1004.8
2026-09-27 05:00:00,7.74734,608.50623,3.52,4.59,4.8,88.0,6.2,27.2,1005.0
2026-09-27 06:00:00,6.6747,570.43223,2.95,4.19,4.39,91.0,5.1,27.3,1005.3
2026-09-27 07:00:00,3.18564,456.43223,5.05,5.8,6.08,75.0,5.3,28.8,1005.9
2026-09-27 08:00:00,1.69598,456.43223,5.49,6.12,6.41,73.0,9.0,30.2,1006.3
2026-09-27 09:00:00,2.38119,456.43223,5.56,6.19,6.48,90.0,9.5,32.5,1007.1
2026-09-27 10:00:00,5.36714,456.43223,5.49,6.32,6.62,84.0,9.5,33.7,1006.4
2026-09-27 11:00:00,4.95247,456.43223,5.55,6.5,6.81,85.0,9.7,34.6,1005.6
2026-09-27 12:00:00,15.17217,456.43223,5.42,6.24,6.53,83.0,9.7,35.3,1004.6
2026-09-27 13:00:00,16.22497,456.43223,5.51,6.47,6.78,63.0,9.8,34.9,1004.2
2026-09-27 14:00:00,18.667099999999998,608.50623,6.55,7.92,8.29,50.0,10.8,33.0,1003.1
2026-09-27 15:00:00,18.927,608.50623,9.64,12.27,12.85,45.0,14.7,31.6,1002.3
2026-09-27 16:00:00,18.90934,641.13123,10.33,12.89,13.49,51.0,16.1,31.0,1002.4
2026-09-27 17:00:00,18.61033,643.69123,9.47,11.41,11.95,56.0,15.7,30.4,1003.1
2026-09-27 18:00:00,16.74112,890.43223,8.16,9.84,10.31,57.0,14.0,29.4,1003.8
2026-09-27 19:00:00,13.16663,890.43223,8.09,10.03,10.5,59.0,12.0,28.8,1005.1
2026-09-27 20:00:00,13.54323,890.43223,7.6,9.11,9.54,65.0,11.7,28.8,1006.1
2026-09-27 21:00:00,9.869879999999998,816.68523,6.83,8.34,8.74,67.0,10.9,28.6,1006.7
2026-09-27 22:00:00,7.85607,643.69123,6.71,8.39,8.79,75.0,9.7,28.6,1007.2
2026-09-27 23:00:00,8.16892,620.43223,6.55,8.07,8.45,76.0,9.7,28.3,1007.0
2026-09-28 00:00:00,7.3812299999999995,572.76939,6.03,7.46,7.82,78.0,9.4,28.0,1006.5
2026-09-28 01:00:00,4.98748,579.96539,5.61,7.06,7.39,81.0,8.6,27.7,1006.7
2026-09-28 02:00:00,4.815,572.76939,5.43,6.62,6.93,81.0,8.1,27.7,1005.8
2026-09-28 03:00:00,5.422140000000001,579.96539,5.97,7.26,7.61,78.0,8.5,27.5,1005.1
2026-09-28 04:00:00,4.26992,596.10739,5.42,6.8,7.12,95.0,8.6,27.4,1005.6
2026-09-28 05:00:00,4.5166,596.10739,4.11,5.4,5.66,100.0,7.7,27.3,1005.7
2026-09-28 06:00:00,3.51975,596.10739,4.25,5.46,5.72,88.0,6.0,27.5,1005.7
2026-09-28 07:00:00,2.65927,600.79739,5.65,6.63,6.94,90.0,8.4,28.9,1006.6
2026-09-28 08:00:00,3.50421,600.79739,4.89,5.53,5.79,104.0,8.7,30.5,1007.2
2026-09-28 09:00:00,11.00058,596.10739,5.04,5.54,5.81,103.0,9.3,32.4,1007.2
2026-09-28 10:00:00,6.85141,596.10739,5.21,5.88,6.16,96.0,9.8,34.1,1006.9
2026-09-28 11:00:00,4.61646,596.10739,4.37,5.12,5.36,87.0,9.8,35.0,1006.1
2026-09-28 12:00:00,10.940700000000001,596.10739,4.44,5.28,5.52,78.0,8.6,35.0,1005.0
2026-09-28 13:00:00,18.05808,596.10739,5.09,5.9,6.18,70.0,9.2,35.1,1004.8
2026-09-28 14:00:00,17.89508,609.96539,6.65,7.8,8.17,51.0,10.6,32.2,1004.0
2026-09-28 15:00:00,18.32632,629.39939,8.75,10.58,11.08,47.0,13.1,30.8,1003.0
2026-09-28 16:00:00,18.6614,1069.96539,9.51,11.49,12.03,55.0,14.4,30.5,1002.8
2026-09-28 17:00:00,18.593130000000002,1069.96539,9.07,11.02,11.54,57.0,14.3,29.9,1003.1
2026-09-28 18:00:00,17.31399,1294.84739,8.85,11.16,11.69,60.0,13.3,29.3,1003.5
2026-09-28 19:00:00,17.909110000000002,1069.96539,9.31,11.19,11.72,66.0,13.0,29.4,1004.5
2026-09-28 20:00:00,16.79694,1069.96539,9.17,11.03,11.55,69.0,13.6,29.2,1005.5
2026-09-28 21:00:00,17.89383,1069.96539,9.28,11.37,11.91,71.0,13.5,29.2,1005.9
2026-09-28 22:00:00,15.788350000000001,725.23139,8.5,10.4,10.89,76.0,13.6,28.9,1006.2
2026-09-28 23:00:00,16.42614,629.39939,7.6,9.28,9.72,79.0,12.3,28.6,1005.8
2026-09-29 00:00:00,15.259459999999999,483.66687,7.12,9.05,9.48,79.0,11.0,28.7,1004.9
2026-09-29 01:00:00,12.75474,529.55487,7.87,9.73,10.19,79.0,10.8,28.4,1004.9
2026-09-29 02:00:00,11.919469999999999,529.55487,6.77,8.5,8.9,83.0,11.3,28.1,1004.3
2026-09-29 03:00:00,9.71504,592.34787,7.15,9.02,9.45,84.0,10.2,27.9,1003.8
2026-09-29 04:00:00,9.101049999999999,592.34787,6.95,8.97,9.39,91.0,10.4,27.7,1003.6
2026-09-29 05:00:00,8.38281,593.72087,6.85,8.88,9.3,93.0,10.0,27.7,1003.6
2026-09-29 06:00:00,10.295620000000001,593.22087,7.3,9.41,9.86,92.0,10.5,27.7,1003.6
2026-09-29 07:00:00,12.42301,592.34787,6.9,8.24,8.63,89.0,11.1,29.4,1004.6
2026-09-29 08:00:00,14.8218,483.66687,7.13,8.11,8.49,86.0,11.2,31.3,1005.1
2026-09-29 09:00:00,17.442169999999997,483.66687,7.61,8.42,8.81,82.0,13.1,33.2,1005.3
2026-09-29 10:00:00,17.123369999999998,583.37887,7.6,8.58,8.99,76.0,13.2,34.7,1005.0
2026-09-29 11:00:00,18.03035,593.22087,8.01,9.08,9.51,67.0,13.2,35.1,1004.3
2026-09-29 12:00:00,18.91448,592.34787,9.54,10.9,11.41,58.0,15.1,35.0,1002.9
2026-09-29 13:00:00,18.356150000000003,593.72087,11.03,13.37,14.0,51.0,17.4,33.9,1002.1
2026-09-29 14:00:00,17.06999,648.72087,11.36,14.19,14.86,52.0,17.5,32.6,1001.4
2026-09-29 15:00:00,17.657700000000002,648.72087,10.64,12.97,13.59,53.0,17.5,32.1,1000.7
2026-09-29 16:00:00,18.87516,721.47287,10.05,11.76,12.32,55.0,16.3,31.5,1000.7
2026-09-29 17:00:00,18.66987,936.56487,9.37,11.09,11.61,58.0,15.2,30.4,1000.9
2026-09-29 18:00:00,15.6458,1132.51487,8.88,10.59,11.09,64.0,13.9,29.5,1001.3
2026-09-29 19:00:00,15.190610000000001,1132.51487,8.77,11.05,11.57,67.0,13.0,29.3,1002.2
2026-09-29 20:00:00,13.49995,1132.51487,9.15,11.16,11.69,70.0,13.3,29.3,1002.9
2026-09-29 21:00:00,13.72854,1132.51487,9.19,11.36,11.89,72.0,13.4,29.2,1003.7
2026-09-29 22:00:00,17.85152,721.47287,9.02,11.33,11.86,75.0,13.3,29.0,1004.0
2026-09-29 23:00:00,18.391869999999997,721.47287,8.86,11.33,11.86,79.0,13.1,28.7,1003.9
2026-09-30 00:00:00,17.86624,529.68511,8.58,10.9,11.42,81.0,12.8,28.5,1003.3
2026-09-30 01:00:00,11.4713,577.92811,8.59,11.02,11.54,81.0,12.4,28.3,1002.9
2026-09-30 02:00:00,8.257040000000002,577.92811,8.47,10.74,11.24,82.0,12.4,28.0,1002.0
2026-09-30 03:00:00,6.4193999999999996,578.25911,7.98,10.26,10.74,83.0,12.2,27.8,1001.4
2026-09-30 04:00:00,12.64569,578.65911,7.79,9.97,10.44,83.0,11.5,27.7,1001.6
2026-09-30 05:00:00,12.586139999999999,617.83311,7.57,9.71,10.17,84.0,11.2,27.6,1002.0
2026-09-30 06:00:00,9.764899999999999,578.25911,7.28,9.38,9.82,83.0,10.9,27.6,1002.5
2026-09-30 07:00:00,8.773299999999999,577.92811,7.8,9.21,9.64,82.0,11.7,28.9,1003.3
2026-09-30 08:00:00,12.97452,577.92811,8.09,9.29,9.73,85.0,12.6,31.0,1003.8
2026-09-30 09:00:00,14.80598,577.92811,8.38,9.38,9.82,86.0,13.2,33.1,1004.0
2026-09-30 10:00:00,18.166040000000002,577.92811,8.44,9.56,10.01,81.0,13.6,35.1,1003.9
2026-09-30 11:00:00,16.86823,578.25911,9.0,10.18,10.66,74.0,14.4,35.6,1003.0
2026-09-30 12:00:00,16.92565,577.92811,9.57,10.95,11.46,65.0,15.2,35.2,1001.7
2026-09-30 13:00:00,17.04025,578.65911,9.9,11.36,11.9,62.0,16.9,34.8,1001.6
2026-09-30 14:00:00,17.05379,696.18711,11.32,13.38,14.01,56.0,17.1,32.8,1000.2
2026-09-30 15:00:00,18.1923,744.04811,11.32,13.52,14.16,54.0,17.3,31.7,1000.0
2026-09-30 16:00:00,18.926650000000002,1564.07911,10.67,12.74,13.34,52.0,17.1,30.7,1000.0
2026-09-30 17:00:00,18.92704,846.94011,10.01,11.87,12.43,59.0,15.9,30.0,1000.4
2026-09-30 18:00:00,18.584880000000002,1320.34911,9.15,11.12,11.64,64.0,14.7,29.2,1001.1
2026-09-30 19:00:00,15.82283,1320.34911,8.66,11.0,11.52,67.0,13.1,29.2,1002.4
2026-09-30 20:00:00,15.755049999999999,1125.55311,8.34,10.09,10.57,69.0,12.8,29.3,1003.4
2026-09-30 21:00:00,13.72169,1125.55311,7.98,9.94,10.41,70.0,12.0,29.1,1004.2
2026-09-30 22:00:00,14.27291,696.18711,8.05,10.17,10.65,74.0,11.6,28.9,1004.4
2026-09-30 23:00:00,13.33153,617.83311,7.52,9.59,10.04,77.0,11.6,28.6,1004.3
2026-10-01 00:00:00,11.798540000000001,506.71251,7.15,9.18,9.61,78.0,10.8,28.4,1004.1
2026-10-01 01:00:00,13.90019,519.88451,7.55,9.51,9.95,75.0,10.4,28.1,1003.6
2026-10-01 02:00:00,17.27709,651.56951,7.49,9.33,9.77,76.0,10.9,27.8,1002.8
2026-10-01 03:00:00,15.37142,660.57051,7.6,9.59,10.04,75.0,10.9,27.6,1002.2
2026-10-01 04:00:00,10.80535,660.57051,7.23,9.3,9.74,82.0,11.0,27.6,1002.5
2026-10-01 05:00:00,11.34275,660.57051,6.69,8.66,9.07,85.0,10.4,27.6,1002.9
2026-10-01 06:00:00,4.05574,660.57051,5.91,7.66,8.02,88.0,9.5,27.7,1003.3
2026-10-01 07:00:00,1.8488,692.35751,5.95,6.93,7.26,93.0,9.5,28.9,1004.1
2026-10-01 08:00:00,1.95497,660.57051,6.35,7.16,7.5,90.0,10.2,30.7,1004.2
2026-10-01 09:00:00,3.75087,660.57051,6.15,6.93,7.26,94.0,10.3,32.9,1004.5
2026-10-01 10:00:00,5.879659999999999,660.57051,6.43,7.14,7.48,98.0,11.3,35.0,1004.0
2026-10-01 11:00:00,12.13572,660.57051,6.11,6.63,6.94,104.0,11.3,36.3,1003.5
2026-10-01 12:00:00,11.051110000000001,660.57051,6.1,6.79,7.11,80.0,11.1,35.4,1002.7
2026-10-01 13:00:00,16.95604,660.57051,7.13,8.53,8.94,58.0,12.8,34.3,1002.1
2026-10-01 14:00:00,17.0778,692.35751,8.84,11.12,11.65,52.0,13.7,32.3,1001.5
2026-10-01 15:00:00,18.045060000000003,733.36951,10.19,12.74,13.34,55.0,15.6,31.8,1000.1
2026-10-01 16:00:00,18.917669999999998,1160.52751,10.16,12.6,13.19,55.0,15.6,31.0,1000.4
2026-10-01 17:00:00,18.83254,753.75151,9.67,12.23,12.81,56.0,15.2,30.0,1000.8
2026-10-01 18:00:00,18.673419999999997,1079.38351,8.52,10.54,11.03,61.0,14.2,29.0,1001.5
2026-10-01 19:00:00,17.97766,1234.51651,8.88,10.85,11.36,66.0,12.3,29.6,1002.7
2026-10-01 20:00:00,16.49155,970.18051,8.94,10.9,11.41,71.0,13.1,29.4,1003.4
2026-10-01 21:00:00,15.532440000000001,970.18051,8.46,10.36,10.85,74.0,13.1,29.2,1004.0
2026-10-01 22:00:00,12.72785,733.36951,8.08,9.95,10.42,75.0,12.3,28.9,1004.0
2026-10-01 23:00:00,12.89815,733.36951,8.0,9.91,10.38,80.0,11.7,28.7,1003.6
2026-10-02 00:00:00,10.34102,509.49573,6.75,8.44,8.83,81.0,11.6,28.4,1003.1
2026-10-02 01:00:00,12.61762,598.00873,7.08,8.79,9.21,76.0,9.8,28.2,1003.2
2026-10-02 02:00:00,12.28761,603.00873,6.86,8.78,9.19,74.0,10.2,28.0,1002.8
2026-10-02 03:00:00,10.78126,656.40773,6.61,8.55,8.95,76.0,9.9,27.8,1002.4
2026-10-02 04:00:00,8.532879999999999,656.40773,6.31,8.33,8.72,82.0,9.5,28.0,1002.3
2026-10-02 05:00:00,12.34727,656.40773,6.58,8.78,9.19,84.0,9.5,27.8,1002.4
2026-10-02 06:00:00,10.01537,656.40773,7.35,9.8,10.26,91.0,10.5,28.3,1002.8
2026-10-02 07:00:00,5.134600000000001,656.40773,6.86,8.34,8.73,88.0,10.7,29.5,1004.3
2026-10-02 08:00:00,3.68097,656.40773,7.64,8.89,9.31,87.0,11.9,31.6,1004.1
2026-10-02 09:00:00,9.35116,656.40773,7.62,8.72,9.13,96.0,13.1,34.2,1004.0
2026-10-02 10:00:00,13.945030000000001,656.40773,8.13,9.23,9.67,102.0,13.8,36.2,1004.1
2026-10-02 11:00:00,14.498299999999999,656.40773,8.2,9.43,9.88,107.0,13.8,37.0,1003.3
2026-10-02 12:00:00,14.38199,656.40773,7.63,8.48,8.88,107.0,13.9,37.5,1002.2
2026-10-02 13:00:00,10.39676,671.32073,7.96,8.69,9.1,108.0,13.6,37.6,1001.7
2026-10-02 14:00:00,9.72977,751.73573,7.57,8.38,8.78,113.0,12.5,36.1,1000.7
2026-10-02 15:00:00,18.35823,751.73573,6.74,7.75,8.11,99.0,12.1,35.4,1000.1
2026-10-02 16:00:00,18.94177,831.23773,6.68,7.52,7.88,80.0,10.8,33.5,1000.2
2026-10-02 17:00:00,18.95176,1057.51073,8.38,10.3,10.78,59.0,12.3,31.2,1000.5
2026-10-02 18:00:00,18.89272,2001.67073,9.21,11.62,12.17,65.0,13.8,30.0,1001.4
2026-10-02 19:00:00,17.97935,1902.93373,8.64,10.94,11.46,71.0,13.5,30.0,1002.7
2026-10-02 20:00:00,18.4572,892.86173,8.38,10.37,10.86,73.0,12.6,29.7,1003.5
2026-10-02 21:00:00,17.818939999999998,996.80373,8.36,10.44,10.93,77.0,12.6,29.5,1004.2
2026-10-02 22:00:00,16.82009,751.73573,7.18,9.09,9.52,80.0,12.2,29.2,1004.3
2026-10-02 23:00:00,12.90564,671.32073,6.63,8.51,8.91,77.0,10.6,28.9,1003.7
2026-10-03 00:00:00,12.13763,628.57403,6.46,8.37,8.76,82.0,9.9,28.7,1003.7
2026-10-03 01:00:00,16.85137,654.37603,6.12,7.9,8.27,83.0,9.4,28.8,1003.0
2026-10-03 02:00:00,16.18892,654.37603,5.69,7.57,7.93,86.0,8.9,28.4,1002.7
2026-10-03 03:00:00,12.48691,654.37603,5.77,7.68,8.04,82.0,8.3,28.2,1002.5
2026-10-03 04:00:00,11.34975,654.37603,5.72,7.61,7.97,88.0,8.5,28.1,1002.8
2026-10-03 05:00:00,6.56731,654.37603,5.65,7.57,7.92,93.0,8.3,27.9,1003.1
2026-10-03 06:00:00,1.37187,654.37603,5.8,7.81,8.18,94.0,8.4,28.0,1003.4
2026-10-03 07:00:00,1.93703,654.37603,7.05,8.64,9.05,93.0,9.2,29.5,1003.9
2026-10-03 08:00:00,10.75566,654.37603,7.98,9.2,9.64,102.0,12.2,31.8,1004.2
2026-10-03 09:00:00,17.421770000000002,654.37603,8.35,9.52,9.97,109.0,13.3,34.0,1004.8
2026-10-03 10:00:00,15.23452,634.57603,8.38,9.4,9.85,114.0,13.5,35.5,1005.0
2026-10-03 11:00:00,12.94415,654.37603,7.64,8.63,9.04,115.0,13.7,36.6,1004.6
2026-10-03 12:00:00,12.16733,654.37603,6.96,7.61,7.97,118.0,12.9,37.1,1003.5
2026-10-03 13:00:00,15.65742,654.37603,5.35,5.63,5.9,111.0,12.2,37.9,1003.1
2026-10-03 14:00:00,18.118209999999998,654.37603,6.15,6.47,6.78,102.0,10.3,36.7,1002.2
2026-10-03 15:00:00,18.87578,654.37603,6.42,7.07,7.4,97.0,10.4,36.0,1001.8
2026-10-03 16:00:00,18.89366,654.37603,6.29,7.29,7.64,107.0,11.5,34.5,1002.5
2026-10-03 17:00:00,18.890549999999998,661.37603,2.74,2.59,2.71,250.0,9.9,29.4,1003.6
2026-10-03 18:00:00,15.76749,686.36203,3.49,3.81,3.99,184.0,7.2,27.4,1004.9
2026-10-03 19:00:00,4.54446,686.36203,2.36,3.64,3.81,162.0,5.9,26.8,1005.7
2026-10-03 20:00:00,1.63521,654.37603,1.92,2.89,3.03,174.0,4.6,28.3,1006.8
2026-10-03 21:00:00,1.62565,758.17803,3.2,3.65,3.82,199.0,5.1,28.3,1006.9
2026-10-03 22:00:00,5.32505,686.36203,2.87,3.19,3.34,214.0,6.8,27.5,1007.0
2026-10-03 23:00:00,2.6158,654.37603,3.65,4.09,4.28,149.0,6.0,27.1,1006.9
2026-10-05 00:00:00,14.53219,412.91844,7.76,10.14,10.62,89.0,12.0,28.7,1004.6
2026-10-05 01:00:00,11.38114,450.38544,7.07,9.17,9.61,87.0,11.3,28.7,1004.6
2026-10-05 02:00:00,5.78282,450.48544,6.99,8.85,9.27,85.0,10.2,28.5,1003.6
2026-10-05 03:00:00,5.22145,450.48544,6.89,8.69,9.1,86.0,10.2,28.3,1003.6
2026-10-05 04:00:00,3.0936500000000002,450.48544,6.6,8.48,8.88,90.0,10.0,28.2,1004.0
2026-10-05 05:00:00,4.3746,504.50644,6.91,8.87,9.29,89.0,10.1,28.3,1004.3
2026-10-05 06:00:00,9.61315,584.88544,7.06,9.11,9.54,89.0,10.2,28.5,1004.6
2026-10-05 07:00:00,7.45758,450.48544,7.27,8.93,9.35,87.0,11.5,28.7,1005.2
2026-10-05 08:00:00,6.97722,450.48544,7.35,8.63,9.03,90.0,11.3,29.9,1005.9
2026-10-05 09:00:00,15.06911,450.48544,7.74,9.05,9.47,100.0,12.2,31.9,1006.1
2026-10-05 10:00:00,19.22072,450.48544,8.07,9.44,9.88,103.0,13.1,34.1,1005.7
2026-10-05 11:00:00,17.821720000000003,584.88544,8.31,9.55,10.0,106.0,13.7,35.4,1004.8
2026-10-05 12:00:00,13.264790000000001,584.88544,7.52,8.57,8.98,98.0,14.0,36.2,1003.1
2026-10-05 13:00:00,18.6268,624.88544,7.64,8.8,9.21,80.0,13.1,36.6,1002.4
2026-10-05 14:00:00,19.64711,624.88544,7.52,9.1,9.53,70.0,11.8,33.9,1001.3
2026-10-05 15:00:00,19.63948,644.11644,9.02,10.75,11.26,62.0,13.6,32.4,1000.7
2026-10-05 16:00:00,19.64294,728.00244,9.15,11.2,11.73,64.0,14.0,31.8,1000.5
2026-10-05 17:00:00,19.63793,1088.62044,9.3,11.75,12.3,63.0,13.7,30.3,1000.8
2026-10-05 18:00:00,19.11448,1906.81044,8.23,10.87,11.38,66.0,13.5,29.0,1001.6
2026-10-05 19:00:00,18.68033,882.96344,8.03,10.42,10.91,65.0,11.8,28.9,1002.7
2026-10-05 20:00:00,16.65452,882.96344,8.31,10.19,10.67,70.0,12.2,29.2,1003.5
2026-10-05 21:00:00,16.7588,728.00244,8.44,10.49,10.98,75.0,12.4,29.1,1004.3
2026-10-05 22:00:00,19.12686,644.11644,8.08,10.15,10.63,77.0,12.3,28.9,1004.5
2026-10-05 23:00:00,18.788990000000002,624.88544,7.89,10.14,10.62,80.0,11.8,28.6,1004.0
2026-10-06 00:00:00,18.38353,419.84472,7.76,10.1,10.57,82.0,11.4,28.3,1003.6
2026-10-06 01:00:00,15.46642,419.84472,7.72,9.98,10.45,80.0,11.2,27.8,1003.0
2026-10-06 02:00:00,12.980870000000001,419.84472,7.18,9.15,9.58,82.0,11.2,27.7,1002.4
2026-10-06 03:00:00,9.41892,447.11372,6.67,8.59,9.0,83.0,10.3,27.6,1002.4
2026-10-06 04:00:00,6.970260000000001,610.42072,5.9,7.69,8.05,85.0,9.6,27.5,1002.8
2026-10-06 05:00:00,9.15141,610.42072,5.32,6.99,7.32,86.0,8.5,27.4,1003.0
2026-10-06 06:00:00,8.11591,610.42072,5.58,7.28,7.63,85.0,7.9,27.5,1003.2
2026-10-06 07:00:00,6.54143,419.84472,6.54,7.64,8.0,84.0,9.8,28.6,1004.1
2026-10-06 08:00:00,2.99176,447.11372,6.67,7.46,7.81,81.0,10.6,30.4,1004.4
2026-10-06 09:00:00,5.0786999999999995,447.11372,7.0,7.83,8.2,85.0,11.5,32.8,1004.4
2026-10-06 10:00:00,9.80601,447.11372,6.0,6.78,7.1,78.0,11.5,33.9,1004.1
2026-10-06 11:00:00,17.54624,503.20672,6.04,6.98,7.31,62.0,11.0,33.5,1003.4
2026-10-06 12:00:00,17.70012,503.20672,7.36,8.48,8.88,47.0,12.4,32.7,1002.4
2026-10-06 13:00:00,18.7112,610.42072,10.81,12.22,12.79,38.0,14.9,31.7,1002.1
2026-10-06 14:00:00,19.65301,626.11372,10.47,12.29,12.87,41.0,16.4,30.7,1001.3
2026-10-06 15:00:00,19.642599999999998,627.11372,9.64,11.41,11.95,43.0,16.2,30.1,1000.7
2026-10-06 16:00:00,19.58195,648.79072,8.54,9.96,10.43,44.0,14.7,29.7,1000.7
2026-10-06 17:00:00,18.997799999999998,720.97672,7.45,8.63,9.04,42.0,12.9,29.0,1001.2
2026-10-06 18:00:00,17.43664,886.55972,7.04,8.41,8.81,46.0,11.0,28.7,1001.7
2026-10-06 19:00:00,18.78134,880.10572,7.84,10.05,10.52,53.0,10.7,28.8,1002.3
2026-10-06 20:00:00,16.80171,886.55972,7.54,9.45,9.9,57.0,11.5,29.0,1003.5
2026-10-06 21:00:00,15.30335,737.07972,7.32,9.36,9.8,61.0,10.8,28.9,1004.0
2026-10-06 22:00:00,12.9686,648.79072,6.73,8.72,9.14,66.0,10.5,28.9,1003.9
2026-10-06 23:00:00,11.44258,626.11372,6.85,8.85,9.26,71.0,9.7,28.7,1003.9
